ID;RUT;NOMBRE;FECHA_NAC;TIPO_CLIENTE;MONTO;PUNTAJE_CREDITICIO
0;21.930.631-4;Isabel Blanca Marín Díaz;1997/4/13;C;5407949;1.17
1;11.269.366-8;Cecilia Paula López Valenzuela;1962/5/28;A;8153651;2.37
2;9.655.791-3;Vicente Felipe Robles Muñoz;1972/2/2;E;9509104;9.91
3;16.644.711-4;Daniela María Robles Ruiz;1982/7/7;B;6065538;2.86
4;17.054.286-6;Isabel Javiera Valenzuela Saavedra;1971/7/5;C;8024077;0.56
5;11.170.160-6;Vicente Vicente Marín Vergara;1971/7/11;C;4056141;5.98
6;6.172.108-0;Pamela Isabel Castro Vergara;1976/5/11;C;3061858;3.09
7;15.844.106-2;Daniela Pamela Saavedra Vergara;1979/6/14;C;5197540;2.26
8;20.749.832-5;Felipe Andrés Rodríguez Valenzuela;1973/2/9;E;4441737;8.18
9;15.910.648-9;Bernardo Ignacio Quiroga Muñoz;1968/2/3;B;8613487;3.44
10;9.487.844-9;Javier Juan Castro Campos;1985/3/0;B;8030691;2.7
11;7.271.618-0;Isidora Andrea Rodríguez Valenzuela;1976/9/29;B;5832527;8.08
12;13.674.785-2;Javier Juan Robles Robles;1973/7/23;A;469341;2.81
13;17.452.036-6;Ramón Vicente Vergara Robles;1997/7/16;E;8845556;5.9
14;20.481.183-10;Andrés Francisco López López;1977/7/27;E;6285039;4.68
15;6.355.671-0;Rodrigo Andrés Valenzuela Valenzuela;1970/10/1;B;668186;9.84
16;5.814.759-5;Andrés Felipe Quiroga Robles;1990/7/17;E;7790975;0.91
17;15.452.563-10;Gabriel Vicente Castro Robles;1985/6/11;B;3156647;7.26
18;8.471.223-1;Felipe Andrés Robles Rodríguez;1970/5/6;E;7976926;9.06
19;7.699.998-8;Ignacia Paula Díaz Quiroga;1979/10/17;A;1836607;0.33
20;6.585.431-9;Isabel Daniela Rojas Ruiz;1985/2/12;C;6156115;1.86
21;7.625.542-2;Ignacio Pedro Quiroga Muñoz;1985/1/3;A;5766978;7.7
22;7.371.571-0;Bernardo Ramón Robles Rojas;1986/1/11;A;798432;2.9
23;14.366.049-8;Cecilia Andrea Marín Rodríguez;1980/3/27;B;5529268;0.04
24;7.253.687-8;Daniela Ignacia Ruiz Robles;1968/8/15;B;4308160;1.18
25;7.388.099-7;Javier Ignacio Marín Quiroga;1981/11/30;D;9073406;7.95
26;18.176.562-10;Francisco Pablo Robles Ruiz;1962/11/6;B;8729016;3.45
27;4.024.185-5;Andrés Bernardo Vergara Ruiz;1985/2/15;A;4148916;5.75
28;4.752.072-8;Rodrigo Javier Rodríguez Ruiz;1990/10/26;C;6445414;3.34
29;17.021.916-10;Felipe Pedro Campos Díaz;1984/5/8;E;1044883;6.88
30;15.146.719-2;Felipe Alejandro Valenzuela Vergara;1988/3/16;A;2934984;6.47
31;18.641.375-4;María Isidora Díaz Vergara;1995/2/4;C;3055413;5.21
32;9.454.495-9;Constanza Paula Muñoz Quiroga;1995/1/9;A;6346885;4.43
33;5.246.833-1;María Daniela González Muñoz;1978/7/8;C;465163;0.2
34;15.647.429-2;Vicente Rodrigo Valenzuela Rodríguez;1999/6/17;D;7811706;7.78
35;18.646.439-5;Constanza Daniela Castro Díaz;1967/8/26;E;2656694;5.21
36;20.834.306-5;Blanca Isidora Quiroga Quiroga;1996/7/25;E;8480735;7.56
37;9.873.492-8;Alejandro Juan Díaz Vergara;1990/10/13;C;6518965;4.19
38;12.381.154-1;Isabel Pamela Ruiz Rodríguez;1977/8/9;D;3394144;5.88
39;9.342.198-9;Andrea Valeria Ruiz Vergara;1982/7/12;B;4937619;2.21
40;18.104.596-8;Pamela Andrea Robles Muñoz;1990/9/4;C;1304240;3.58
41;6.525.881-9;Pedro Rodrigo Campos Castro;2000/11/15;A;9653610;0.6
42;8.466.885-4;Andrea Blanca Rodríguez González;1986/8/3;A;4888973;1.23
43;7.295.481-2;Valeria Ignacia Quiroga Rodríguez;1988/8/1;B;5214119;5.04
44;11.651.375-8;Constanza Pamela González Marín;1972/6/4;A;6225117;3.0
45;11.531.171-7;Vicente Francisco Rodríguez Rodríguez;1999/4/12;A;1847833;2.14
46;10.437.876-3;Victoria Isabel Valenzuela Castro;1998/6/22;B;7945321;8.26
47;5.775.634-10;María Pamela Saavedra Valenzuela;1981/6/29;E;1545391;9.44
48;8.623.995-10;Cecilia Blanca Marín Castro;1974/7/21;A;1603735;7.9
49;18.254.284-0;Isidora Blanca Valenzuela Vergara;1966/10/14;D;5509816;8.63
50;11.927.991-2;Paula Blanca Saavedra Rodríguez;1972/6/30;E;4164514;2.04
51;8.998.908-6;Paula Isidora Rodríguez Rodríguez;1963/9/27;D;3898034;1.5
52;8.170.137-3;Pedro Bernardo Ruiz Díaz;1965/12/25;D;8777668;7.72
53;15.03.312-0;Isabel Isabel Ruiz Rodríguez;1966/3/28;E;8227582;4.49
54;7.509.934-7;Francisco Javier López Vergara;1978/9/15;D;9565606;5.4
55;14.327.395-5;Pablo Javier Quiroga Vergara;1988/5/13;B;936080;1.03
56;4.544.508-9;Ignacia Javiera Rojas Marín;1978/11/7;D;6660355;9.41
57;11.591.342-8;María Ignacia Campos González;1965/6/5;A;4878798;2.5
58;13.282.537-10;Gabriel Ramón Rojas González;1991/11/23;C;4213261;1.64
59;6.624.00-5;Pedro Vicente Quiroga Quiroga;1994/3/4;E;1499975;3.93
60;11.177.901-9;Valeria Paula Rojas Rodríguez;1960/7/5;B;601256;1.81
61;12.805.883-2;Felipe Felipe González Ruiz;1995/9/8;B;3230851;6.04
62;20.085.466-9;Francisco Bernardo Rodríguez González;1977/4/25;A;7753746;2.71
63;14.700.537-4;Francisco Ramón López Ruiz;1963/6/20;C;8178429;7.62
64;18.796.401-9;Alejandro Javier Robles López;1985/7/28;B;2599899;0.82
65;12.376.313-2;María Isabel Rodríguez Campos;1983/9/20;C;820171;0.96
66;4.703.670-9;Blanca Cecilia Campos Rodríguez;2000/12/27;C;3897871;2.91
67;15.744.338-1;Vicente Rodrigo Díaz Saavedra;1983/11/9;A;1816944;5.66
68;21.305.068-10;Vicente Pedro Vergara Castro;1991/9/25;B;8505722;5.68
69;12.569.09-5;Ignacio Andrés Castro López;1995/5/29;E;2278079;3.4
70;13.393.314-9;María Blanca Valenzuela Vergara;1963/3/30;D;3534528;4.07
71;21.425.306-8;Rodrigo Alejandro Rodríguez Muñoz;1986/1/10;C;4738819;3.47
72;21.492.637-2;Isidora Daniela Campos González;1984/2/3;E;1993367;7.05
73;17.449.153-2;Ignacio Ignacio Quiroga Rojas;1992/3/12;A;5653242;6.3
74;21.528.537-6;Bernardo Felipe Vergara Rodríguez;1963/5/29;E;3241059;7.04
75;15.338.074-9;Juan Felipe González Rojas;1982/2/6;E;2232254;1.94
76;4.236.193-4;Javier Javier Díaz Valenzuela;1982/3/25;C;7575341;1.42
77;11.341.652-5;Gabriel Pedro Quiroga González;1973/6/0;B;738289;7.37
78;4.852.428-9;Valeria Paula Quiroga Campos;1985/6/2;A;4223612;2.97
79;13.256.237-9;Isabel Andrea Muñoz González;1961/2/2;E;4053008;1.76
80;15.139.00-10;Valeria Cecilia Ruiz Marín;1979/8/1;D;4336085;3.76
81;6.017.769-2;Francisco Felipe Marín Quiroga;1963/4/28;D;2781074;7.41
82;8.050.266-6;María Ignacia Muñoz Rodríguez;1973/12/27;D;7734938;9.32
83;18.856.957-9;Constanza Paula Vergara Vergara;1979/4/30;C;1080365;8.83
84;4.294.666-5;Constanza Javiera Ruiz Saavedra;1972/1/2;E;7636969;9.54
85;14.418.537-1;Vicente Pedro López López;1972/8/2;C;5540045;4.65
86;9.623.768-9;Javier Ramón Castro Castro;1987/1/0;B;1738617;2.21
87;6.145.493-5;Valeria Valeria Quiroga Marín;1991/11/2;C;8212689;2.26
88;5.691.909-8;Gabriel Rodrigo Campos Muñoz;1974/12/7;E;132374;9.94
89;15.405.255-3;Vicente Pedro Muñoz López;1977/7/17;B;3566879;9.02
90;9.674.686-3;Isabel Ignacia Robles Vergara;1975/7/28;A;3223355;9.04
91;20.761.630-4;Constanza Ignacia Campos Rodríguez;1996/9/9;E;7438492;3.13
92;5.086.536-9;Francisco Bernardo Rojas Rodríguez;1999/11/23;A;9779977;4.91
93;7.789.841-2;Andrea Isabel Quiroga Robles;1996/12/21;C;7684086;1.3
94;7.948.674-3;Ignacia Constanza Robles González;1985/9/2;D;777957;5.99
95;20.817.283-9;Pedro Alejandro Quiroga Muñoz;1999/9/18;E;9998301;9.0
96;19.584.331-5;Cecilia Blanca Vergara Díaz;1993/5/29;A;3116778;7.83
97;18.434.670-3;Francisco Francisco Ruiz Rojas;1987/8/8;E;1436674;5.05
98;13.623.240-1;Vicente Juan Robles Saavedra;1982/2/19;C;9804292;3.61
99;4.831.642-3;Ignacio Ignacio Valenzuela Campos;1974/11/16;C;8892858;0.65
100;8.489.240-5;Felipe Andrés Muñoz Rojas;1980/9/10;E;1361720;0.14
101;11.615.086-5;Ramón Gabriel Saavedra Rodríguez;1977/5/29;B;5680734;8.39
102;12.061.292-0;María Isidora Valenzuela Rodríguez;1980/3/5;D;3130145;0.98
103;13.381.106-8;Vicente Juan Marín Saavedra;1969/4/19;C;3307564;0.62
104;12.866.411-7;Valeria Pamela Saavedra Saavedra;1991/10/28;E;6225013;6.77
105;8.929.258-10;Andrés Ramón Rodríguez Valenzuela;1961/9/27;E;1368881;7.42
106;9.479.989-0;María Paula Robles Muñoz;1966/2/13;D;9117111;5.25
107;10.350.525-1;Rodrigo Pablo Díaz Vergara;1976/1/10;C;4010985;9.55
108;5.079.058-0;Isabel Cecilia Castro Robles;1970/2/7;C;9168283;2.22
109;19.926.276-3;Javier Vicente Robles Vergara;1995/6/7;D;7429315;3.84
110;17.039.803-9;Constanza Ignacia Quiroga Saavedra;1977/6/8;C;7125193;0.6
111;17.881.136-5;Ignacio Andrés Muñoz Muñoz;1984/3/0;A;5060550;2.59
112;19.623.559-9;Javier Rodrigo Castro Díaz;1969/4/10;A;1401555;3.94
113;8.694.102-5;Ramón Francisco González López;1991/6/26;D;3230741;9.99
114;17.410.998-0;Isabel Ignacia Robles Vergara;1967/5/17;E;8503817;7.91
115;14.908.184-3;Pablo Rodrigo Marín Valenzuela;1998/10/19;C;7609717;0.14
116;9.498.596-5;Valeria Pamela Muñoz Marín;1969/4/6;A;3224151;4.36
117;17.175.161-7;Ignacia Cecilia Ruiz Rodríguez;1960/9/29;A;5189563;3.9
118;11.136.568-3;Javiera Valeria Valenzuela Muñoz;1979/7/14;C;7076725;6.28
119;12.363.678-10;Juan Juan Ruiz Campos;1976/10/9;A;3538010;9.63
120;16.976.895-9;Rodrigo Pedro Vergara González;1960/6/1;B;1482384;9.3
121;19.598.322-8;Isabel Paula Saavedra Rojas;1975/6/27;D;5150279;1.3
122;14.888.391-1;Valeria Andrea Rodríguez Campos;1986/3/23;C;606299;9.92
123;21.164.706-10;Gabriel Pedro Ruiz Díaz;1969/1/15;C;2308885;0.3
124;19.055.993-1;Javier Felipe Díaz González;1983/4/10;B;5925316;5.88
125;4.856.445-1;Constanza Ignacia Saavedra Rodríguez;1976/4/29;A;3737654;4.84
126;17.700.991-3;Andrea María Ruiz Díaz;1984/4/30;E;3522357;7.24
127;10.593.990-1;Vicente Bernardo Muñoz Vergara;1998/4/22;E;4968265;7.64
128;7.889.067-1;Vicente Andrés Valenzuela Campos;1990/12/21;B;7056427;7.17
129;17.748.880-9;Paula Isidora Rojas González;1990/6/19;B;5277940;9.49
130;13.192.102-0;Pamela Pamela Díaz Vergara;1975/7/9;B;272439;1.0
131;7.180.645-7;Pamela Isidora López Marín;2000/10/26;A;7754706;2.14
132;5.120.863-6;Pamela Isabel López Ruiz;1978/7/20;A;4172191;0.23
133;11.111.600-0;Isidora Ignacia Quiroga Robles;1971/7/28;C;140387;8.76
134;16.955.567-7;Felipe Pedro González Castro;1973/7/6;B;8430217;0.56
135;10.420.983-7;Isidora Constanza Muñoz Saavedra;1971/12/9;A;2756667;7.93
136;20.580.480-3;Rodrigo Felipe Robles Rodríguez;1973/6/0;B;5686309;7.12
137;16.597.534-9;Victoria Javiera Marín Robles;1998/9/25;B;8253868;8.22
138;13.054.914-10;Ramón Felipe Robles López;1982/6/29;C;2318415;4.67
139;5.510.740-1;Ignacia Valeria Díaz Rodríguez;1993/8/16;E;2159357;5.29
140;4.654.967-2;Francisco Ignacio Robles Rojas;1961/12/12;B;3617517;1.21
141;11.412.525-9;Daniela Isidora Ruiz Castro;1972/12/24;B;1343176;1.35
142;20.956.066-3;Daniela María Vergara Rodríguez;1981/4/14;D;1072466;9.97
143;21.792.520-5;María Ignacia Rodríguez González;1965/3/30;B;154257;0.42
144;19.999.232-6;Francisco Alejandro Rojas González;1985/12/21;E;3519240;6.97
145;15.695.702-4;Juan Andrés Valenzuela Díaz;1963/7/3;A;2130840;5.36
146;5.287.026-6;Cecilia Javiera Muñoz González;1969/11/0;C;5940912;3.06
147;5.407.517-5;Francisco Ramón Valenzuela Ruiz;2000/7/28;B;7094335;5.21
148;13.679.200-6;Ramón Bernardo Vergara Campos;1987/7/19;B;2773033;9.65
149;15.850.149-7;Andrés Francisco Valenzuela Vergara;1982/5/22;B;3787248;6.2
150;12.305.217-4;Ignacia Isidora Campos Castro;1991/12/30;D;1640021;1.01
151;11.254.871-9;Bernardo Andrés Vergara Castro;1995/4/4;E;3791730;1.81
152;17.652.656-6;Cecilia Victoria Marín Campos;1993/3/11;E;8175852;3.78
153;14.389.622-8;Vicente Rodrigo Díaz Saavedra;1975/12/0;A;5775655;4.8
154;21.325.113-2;Javier Bernardo Díaz Rojas;1989/3/9;C;8360469;8.6
155;6.980.221-2;Paula Javiera Díaz Ruiz;1987/3/8;A;5041829;0.43
156;4.843.261-0;Andrea Isabel Robles Muñoz;1972/8/14;D;7346267;5.72
157;18.116.552-10;Andrés Vicente Díaz Castro;1988/1/11;D;186502;2.76
158;10.182.319-3;Vicente Francisco Campos Robles;1990/4/1;C;9232121;9.93
159;16.561.265-10;Valeria Blanca González Ruiz;2000/12/25;C;1769566;7.51
160;7.429.863-8;Alejandro Juan Marín Rodríguez;1993/1/8;A;3735650;4.35
161;8.822.439-3;Paula Javiera Castro Marín;1972/2/28;B;6375125;0.2
162;14.221.739-4;Pablo Ramón Díaz Saavedra;1976/7/19;A;8934085;7.48
163;10.802.217-6;Ignacio Ignacio Marín González;1966/9/8;A;7677853;0.05
164;7.919.888-4;Javiera Javiera Rodríguez Robles;1999/5/13;A;9851232;6.89
165;8.887.050-5;Blanca Isidora Castro Campos;1986/5/9;C;4042738;9.84
166;9.547.167-5;Ramón Felipe González Marín;1994/11/22;D;7940435;4.72
167;14.390.343-0;Rodrigo Bernardo Castro Quiroga;1975/4/6;C;5549798;9.88
168;11.321.030-4;Javier Gabriel Robles González;1960/11/12;E;7578656;1.44
169;19.013.855-9;Bernardo Vicente Saavedra Marín;1990/6/27;D;4733635;9.67
170;19.784.254-4;Ignacia Victoria Valenzuela Rojas;1991/1/0;C;6654301;3.84
171;4.437.416-8;Ignacio Francisco González Robles;1983/3/4;E;8549179;7.29
172;21.623.597-4;Daniela Daniela Díaz Vergara;1971/2/21;E;8273672;5.25
173;11.404.369-2;Pedro Bernardo Rodríguez Muñoz;1965/2/22;C;5020769;8.2
174;16.296.341-5;Ignacia Javiera Muñoz Saavedra;1975/2/24;C;3216075;0.02
175;8.387.700-6;Ramón Ignacio Marín Rojas;1979/3/1;A;359343;6.18
176;12.490.952-10;Juan Alejandro Saavedra Muñoz;1994/4/26;D;3791999;0.32
177;5.204.054-3;Constanza Isabel Campos Ruiz;1981/4/25;C;6284742;2.39
178;19.111.351-2;Gabriel Ignacio Campos Castro;1974/9/25;B;7691022;7.27
179;17.919.505-1;Valeria Cecilia González Muñoz;1984/9/10;E;7684647;8.93
180;13.307.371-5;Javiera Valeria Rojas Valenzuela;1988/7/17;E;3325043;1.37
181;10.400.415-7;María Ignacia Ruiz Muñoz;1969/11/1;D;9623100;6.74
182;7.120.852-6;Ignacia Cecilia Campos Robles;1985/2/18;E;8232169;3.85
183;19.406.676-1;Pedro Bernardo Díaz Rodríguez;1984/8/3;D;6415292;4.14
184;17.899.515-10;Andrea María Ruiz López;1979/5/15;C;834242;5.25
185;4.442.742-5;Ignacia Isabel Campos Díaz;1986/6/5;D;2355041;5.2
186;11.931.275-4;Pamela María Muñoz Díaz;1975/2/20;B;1656258;2.25
187;16.905.584-0;Cecilia Ignacia Ruiz Muñoz;1998/5/18;A;1481382;8.75
188;8.623.399-9;Andrea Constanza Rodríguez Marín;1974/8/17;C;4852295;2.78
189;18.312.624-2;Isidora Isidora Muñoz López;1985/2/5;D;6698411;3.88
190;5.157.771-7;Javiera María Rojas Quiroga;1980/1/7;A;4773738;4.78
191;21.298.877-8;Ignacio Alejandro Marín Marín;1984/2/20;A;8639103;4.09
192;5.745.971-4;Javier Bernardo Rodríguez Rodríguez;1987/3/1;E;5739686;0.87
193;10.433.791-5;Andrea Blanca Saavedra Ruiz;1964/4/3;E;1779264;9.55
194;7.295.292-0;Pamela Paula Muñoz Díaz;1995/2/8;B;6989288;6.77
195;20.313.538-1;Constanza Isidora Marín Rojas;1967/8/0;E;4610577;5.19
196;20.016.893-5;Pedro Rodrigo González López;1973/4/27;A;542405;9.68
197;8.235.908-1;Valeria Daniela Saavedra González;1999/9/25;D;7441178;1.32
198;8.835.581-9;Isabel Valeria González Ruiz;1988/6/30;E;7208244;1.02
199;6.738.983-1;Juan Pedro Muñoz Rodríguez;1991/6/12;C;9177465;6.24
200;12.093.279-2;Paula Isabel Rodríguez Muñoz;1971/6/25;C;9284112;6.2
201;16.578.843-3;Felipe Francisco Robles González;1983/7/25;E;3329756;9.07
202;9.210.709-8;Cecilia Ignacia Quiroga Robles;1977/1/15;C;967732;5.06
203;14.581.441-8;Victoria Daniela Valenzuela López;1969/2/26;E;7659539;1.01
204;5.485.175-3;Vicente Francisco Rodríguez Saavedra;1965/5/6;B;1546267;3.18
205;8.800.397-9;Felipe Francisco González Muñoz;1967/6/15;B;8313416;7.76
206;14.06.215-4;Pamela Paula Robles Ruiz;1993/4/20;C;6781484;4.16
207;11.618.550-1;Andrea Isidora Vergara Rojas;1994/1/1;B;1028216;2.08
208;18.607.370-10;Gabriel Vicente Castro Robles;1983/8/5;C;5723784;3.69
209;12.552.291-1;María Pamela Ruiz Robles;1966/4/10;C;7372685;8.43
210;17.368.076-2;Isabel Victoria Rodríguez González;1989/9/27;A;3734897;4.12
211;17.502.560-7;Javiera María Campos Saavedra;1984/8/17;B;6704463;5.41
212;4.01.528-1;Victoria Victoria Robles López;1974/6/16;A;7790386;7.75
213;5.839.472-4;Javier Francisco López Rodríguez;1967/4/11;A;5432824;6.88
214;9.201.429-2;Felipe Ignacio Campos Castro;1961/4/12;B;6987709;4.88
215;18.479.543-1;Isabel Pamela Díaz Quiroga;1986/2/22;E;785190;4.12
216;9.722.748-3;Rodrigo Javier Ruiz Rojas;1974/8/17;A;6783899;1.72
217;5.480.187-10;Alejandro Alejandro Muñoz Saavedra;1981/9/3;C;5603515;4.92
218;17.996.075-2;Isabel Javiera Muñoz Rojas;1964/5/14;C;9056033;3.41
219;8.860.988-10;Felipe Ramón Saavedra Rojas;1991/7/27;E;7406287;7.63
220;19.855.344-1;Javier Rodrigo Vergara López;1991/9/25;A;1723601;2.39
221;7.691.857-7;Vicente Andrés Díaz González;1966/4/13;B;4702156;5.29
222;12.574.429-6;Cecilia Constanza Saavedra Campos;1971/8/10;A;9702640;2.78
223;10.603.289-6;Victoria Daniela Quiroga Quiroga;1977/12/9;A;4070407;8.12
224;7.558.707-6;Alejandro Andrés Robles Valenzuela;1964/8/8;E;1671970;9.17
225;7.994.312-3;Cecilia Pamela Muñoz Muñoz;2000/11/7;D;3694060;8.29
226;14.505.733-9;Constanza María Rojas Rojas;1970/7/30;E;8617045;6.54
227;20.192.06-2;Ignacio Felipe Castro Saavedra;1975/11/12;C;7430364;7.54
228;20.819.165-0;Constanza Paula Rodríguez Muñoz;1987/12/2;E;9009761;8.35
229;5.024.499-8;Isidora María López Ruiz;1994/3/18;C;2430364;7.05
230;21.733.521-10;Pedro Javier Rodríguez Quiroga;1973/12/16;B;9520336;1.31
231;9.668.789-0;Isidora María López Quiroga;1990/3/3;D;2541907;3.9
232;13.436.394-9;Cecilia Andrea Rodríguez Quiroga;1987/4/7;A;5567016;7.11
233;8.163.687-1;Pablo Juan Robles Marín;1961/4/0;B;4192330;3.93
234;20.348.018-0;Ignacio Felipe Muñoz González;1999/5/12;D;5985993;0.72
235;13.662.998-4;Ignacio Javier Rojas Campos;1986/7/27;C;2044449;2.32
236;11.132.026-10;Constanza Paula Castro Castro;1964/11/14;A;8601475;9.32
237;10.040.582-2;Javiera Valeria Vergara Rodríguez;1980/12/4;E;6668725;7.44
238;8.052.040-0;Andrea Paula Rojas Marín;1973/9/19;C;3355947;0.2
239;18.825.810-4;Constanza Blanca Valenzuela Valenzuela;1972/10/27;B;6525922;2.46
240;17.618.835-0;Constanza Victoria Castro Castro;1981/8/26;E;1202457;3.08
241;21.322.811-9;Pedro Bernardo Quiroga Campos;1990/9/25;A;7484444;5.06
242;4.535.882-7;Ignacio Pablo Marín Castro;1960/3/3;C;1330544;2.55
243;6.984.995-8;Ignacio Felipe Castro Muñoz;1966/12/4;E;9457273;5.31
244;7.431.756-3;Vicente Ignacio Robles Vergara;1983/5/0;B;5040411;9.66
245;17.807.689-10;Pablo Ramón Rodríguez Muñoz;1981/2/17;A;1823641;9.96
246;5.682.817-6;Pablo Pedro Marín Valenzuela;1967/9/27;D;6602941;7.32
247;9.736.585-8;Constanza María Díaz Díaz;1973/4/14;B;2722131;7.66
248;7.495.227-7;Javiera Victoria Castro Rodríguez;1994/7/21;D;6820265;9.43
249;11.795.173-1;Ignacia Paula Quiroga Quiroga;1977/8/9;E;6340030;7.38
250;9.338.094-4;Isabel Isidora Castro Rodríguez;1983/1/27;A;9928623;9.64
251;15.416.012-10;Rodrigo Alejandro López Ruiz;1962/8/19;D;2359375;5.19
252;15.580.087-7;Valeria Constanza López Robles;1974/4/12;A;5414631;4.21
253;14.604.345-10;Ignacio Andrés Quiroga Vergara;1977/11/19;D;1999093;1.9
254;18.679.851-1;Javier Pablo Vergara Rodríguez;1960/6/12;D;3749357;4.95
255;14.519.250-9;Isabel Pamela Vergara Ruiz;1978/4/9;D;8505354;3.87
256;5.056.391-9;Felipe Ignacio González Campos;1999/4/15;C;733858;2.77
257;17.146.224-8;María Constanza Díaz Muñoz;1962/2/21;D;2788801;2.4
258;20.130.588-0;Cecilia María Campos Robles;1961/4/13;B;2171115;3.92
259;13.264.711-9;Andrea Isidora Campos Castro;1993/2/15;E;9814529;0.45
260;21.970.228-9;Felipe Pablo López Rodríguez;1979/4/6;D;6848081;8.04
261;13.778.923-8;Vicente Felipe Campos Marín;1992/11/20;A;7103077;2.46
262;10.676.926-7;Isabel Isabel Marín Rodríguez;1993/12/3;C;5854383;5.38
263;4.851.172-3;Victoria Victoria Vergara Valenzuela;1974/3/6;A;1609712;2.29
264;17.582.753-3;Francisco Felipe Vergara Saavedra;1982/10/11;A;8402999;7.62
265;9.210.204-0;Daniela María Muñoz Rodríguez;1991/7/28;A;2933562;3.11
266;19.065.254-9;Isabel Ignacia Valenzuela Marín;1966/6/28;C;5417132;5.55
267;15.138.373-8;Andrea Isidora Valenzuela Campos;1984/6/11;A;8128511;0.55
268;5.603.699-2;Andrea Ignacia Robles Vergara;1966/5/14;B;9606304;8.72
269;7.434.536-8;Constanza Ignacia Muñoz Ruiz;1987/1/23;C;5810552;4.94
270;17.956.402-3;Ramón Juan López Muñoz;1975/1/13;D;7271097;2.8
271;12.039.398-7;Gabriel Ramón González Vergara;1960/3/8;D;3239912;2.95
272;8.561.124-1;Andrea Isidora Castro Muñoz;1979/9/4;D;3369109;8.02
273;11.296.862-8;Blanca Cecilia Rojas González;1998/7/29;A;367473;2.73
274;21.581.422-0;Felipe Gabriel González González;1993/4/4;B;4557694;8.84
275;21.084.036-3;Pamela Pamela Valenzuela Castro;1998/9/5;A;6606663;5.77
276;11.106.197-8;Isidora Cecilia González Quiroga;1986/6/3;D;3851030;3.81
277;20.235.824-0;Francisco Rodrigo Rodríguez Campos;1999/9/13;E;6204671;0.15
278;10.284.040-5;Pedro Pedro Marín Castro;1986/12/15;E;9414259;1.58
279;8.107.305-10;Isabel Pamela Vergara Muñoz;1996/12/0;A;2348676;6.76
280;4.917.112-3;Ignacio Juan Ruiz Marín;1988/5/4;A;5690472;5.54
281;4.847.152-1;Ramón Felipe Marín Robles;1977/8/13;A;8987039;9.12
282;8.885.678-0;Paula Blanca Quiroga Díaz;1971/3/28;D;7409415;9.53
283;21.075.755-3;Pedro Alejandro González Muñoz;1971/6/25;B;6343527;9.54
284;4.943.878-10;Rodrigo Juan Muñoz Díaz;1971/5/19;B;2565921;6.26
285;17.212.040-5;Andrés Javier González Quiroga;1970/5/12;C;3142360;4.84
286;20.096.979-1;Javier Pedro Castro Vergara;1991/8/23;C;1607313;0.49
287;13.994.021-1;María Isidora Rodríguez González;1982/11/29;C;1110441;6.81
288;20.850.352-3;Pedro Gabriel Ruiz Díaz;1981/8/10;C;8429104;3.83
289;14.784.917-2;Constanza Ignacia Vergara Vergara;1966/4/19;C;1436930;9.16
290;5.576.219-2;Francisco Ignacio Valenzuela Rojas;2000/11/3;D;9785139;8.91
291;17.343.807-8;Victoria Blanca Valenzuela Vergara;1987/1/3;A;4332425;1.74
292;13.109.115-1;Bernardo Javier Marín Rojas;1967/7/13;E;7747933;9.69
293;5.365.957-5;Blanca Blanca Vergara Ruiz;1974/8/25;B;2081164;4.54
294;8.234.301-7;Ignacia Blanca Rodríguez Valenzuela;1979/3/2;E;699108;8.85
295;16.660.372-2;Javier Alejandro Muñoz Ruiz;1971/3/5;C;4871110;8.45
296;8.529.931-7;Paula Pamela Ruiz Robles;1976/4/12;A;6012500;3.66
297;8.134.215-5;Andrés Andrés Vergara Castro;1989/7/14;B;7136881;5.82
298;19.084.318-6;Gabriel Felipe Saavedra Valenzuela;1988/8/18;E;3373994;0.53
299;7.342.918-9;María Daniela Vergara Rojas;1976/5/15;B;5715642;5.27
300;5.518.023-1;Felipe Bernardo López Muñoz;1982/9/24;E;4536689;8.02
301;14.027.475-3;Blanca Constanza Robles Marín;2000/9/4;D;8710633;8.5
302;5.358.893-9;Andrea Pamela López López;1974/11/9;D;4591082;5.25
303;10.119.164-1;Rodrigo Pedro Muñoz Díaz;1966/7/16;A;2467085;0.43
304;20.473.242-6;Pedro Ramón Muñoz Rojas;1963/6/5;A;8213987;3.06
305;6.376.295-8;Paula Daniela González Saavedra;1998/5/6;A;3401785;1.05
306;5.680.774-3;Andrés Alejandro Ruiz Rodríguez;2000/6/16;B;8913923;2.8
307;11.859.742-10;Pedro Gabriel Rodríguez Castro;1993/6/28;D;4578762;8.1
308;11.462.263-5;Constanza Victoria Robles Valenzuela;1975/7/23;A;3300143;3.5
309;14.494.698-2;Cecilia María López Díaz;1980/1/1;A;1001666;5.48
310;8.02.489-9;Ignacio Francisco Rojas Muñoz;1996/6/22;C;2124776;7.37
311;18.195.173-8;Francisco Alejandro Saavedra Rodríguez;1975/12/6;C;7873505;5.21
312;17.306.676-3;Javiera María Muñoz Robles;1999/3/27;D;5297499;0.07
313;18.548.869-6;Paula Pamela Campos Saavedra;1961/11/30;C;2218123;5.53
314;4.940.656-1;María Ignacia Marín Castro;1980/4/21;D;5695727;7.26
315;4.575.306-0;Juan Bernardo Robles López;1997/7/19;A;2667272;1.37
316;20.529.797-4;Pamela Constanza Díaz Castro;1975/12/0;D;6795224;7.45
317;16.446.099-2;Isidora Isidora Vergara Robles;1983/4/26;E;1753619;4.29
318;8.641.101-7;Ignacia Cecilia Saavedra Ruiz;1996/12/13;A;6329517;3.89
319;12.809.053-1;Andrés Pedro Castro Rojas;1987/8/9;B;4239250;4.29
320;17.989.035-5;Andrés Gabriel Díaz Quiroga;1989/10/11;A;9581484;6.82
321;11.855.826-4;Victoria Blanca Ruiz González;1969/7/28;C;6229549;3.44
322;19.813.891-4;Daniela Daniela Rojas Vergara;1973/8/30;C;4045137;3.69
323;8.284.367-0;Ignacio Rodrigo Rodríguez Castro;1993/8/29;A;4214998;5.54
324;4.544.134-10;Valeria Andrea Vergara Rodríguez;1987/12/6;E;2761884;5.21
325;5.914.102-0;Cecilia Daniela González Rodríguez;1984/10/25;A;6371399;7.28
326;21.453.410-2;Gabriel Javier Marín González;1965/7/27;E;9120887;4.64
327;13.311.864-6;Isabel Cecilia Rojas Ruiz;1966/7/24;D;9616527;5.29
328;13.080.173-3;Juan Pedro Vergara Díaz;1975/9/1;D;2734239;6.08
329;20.296.281-5;Javier Francisco Ruiz Robles;1962/2/24;D;1406190;0.13
330;14.433.105-1;Javiera Constanza Rodríguez Vergara;1997/8/22;C;1577621;1.57
331;17.611.988-6;Andrea Victoria Castro López;1967/1/3;D;1670747;3.23
332;11.168.885-1;María Ignacia Castro Rodríguez;1991/11/14;C;4911335;6.49
333;17.745.176-0;Victoria Paula Rodríguez Rodríguez;1970/9/24;D;345020;7.49
334;13.367.232-5;Paula Daniela Muñoz Rodríguez;1990/3/4;B;3176653;0.76
335;9.277.655-4;Javier Juan Rodríguez López;1987/11/30;B;7489472;9.6
336;21.474.984-5;Pedro Felipe Campos Muñoz;1992/5/17;C;2682679;8.58
337;5.407.299-2;Cecilia Andrea Vergara Ruiz;1997/9/12;B;8147388;3.7
338;7.214.011-5;Francisco Gabriel Quiroga Rodríguez;1989/3/21;C;2767927;6.43
339;8.621.933-3;Pablo Juan Saavedra Marín;1977/7/27;A;218164;4.52
340;18.716.903-2;Andrés Francisco Quiroga Castro;1971/3/15;B;4824987;8.42
341;14.157.538-3;Pamela Cecilia Valenzuela Marín;1991/5/17;C;4297458;7.0
342;4.675.418-3;Ignacio Bernardo López Muñoz;1990/11/0;E;8934396;8.5
343;18.346.531-4;Constanza Andrea López Díaz;1963/3/25;C;9966127;7.22
344;17.996.644-8;Alejandro Juan Rodríguez Marín;1962/6/10;C;8547711;4.99
345;21.600.893-6;Javier Pablo López Castro;1972/6/7;E;6755322;6.92
346;20.237.992-1;Isabel Isidora Muñoz López;1965/6/29;E;7893079;4.32
347;21.692.402-9;Pedro Ramón Castro López;1986/1/23;A;9391194;2.27
348;21.440.976-6;Constanza Daniela Castro Saavedra;1998/4/25;E;8024398;0.95
349;11.785.972-4;Felipe Pablo Rojas Rojas;1995/6/10;B;1758706;7.05
350;16.047.696-7;Alejandro Bernardo Quiroga González;1981/12/11;D;8756843;9.18
351;13.156.734-1;Andrea Pamela Robles Rodríguez;1978/10/16;E;6189675;8.14
352;13.423.722-1;Javiera Ignacia Valenzuela Ruiz;1992/7/11;D;982002;2.75
353;7.440.110-10;Pablo Vicente Rodríguez López;1981/12/7;E;7614812;1.66
354;8.253.765-3;Isabel Andrea Vergara Robles;1987/1/29;B;3961200;9.45
355;15.392.380-10;Gabriel Gabriel González Rojas;1963/8/26;E;5014038;8.18
356;6.668.230-2;Cecilia Blanca Marín Quiroga;1961/4/16;B;1871639;2.14
357;10.663.126-6;Vicente Alejandro Muñoz Ruiz;1966/1/20;C;3960113;6.06
358;7.271.273-7;Gabriel Bernardo Campos Rojas;1982/9/19;D;1908690;3.94
359;21.108.231-8;Andrés Juan Rodríguez Quiroga;1971/4/13;A;8670688;4.59
360;19.783.064-4;Juan Vicente Vergara Díaz;1989/9/9;D;5612052;5.6
361;18.894.916-2;Isabel Daniela Castro Vergara;1993/1/29;E;480800;8.36
362;19.851.02-9;Gabriel Juan Díaz Castro;1997/12/9;C;1221601;2.24
363;16.936.918-7;Blanca Victoria Rojas López;1988/8/6;D;439287;3.6
364;16.307.938-6;Felipe Francisco Saavedra López;1981/10/0;E;204316;7.19
365;10.043.901-10;Javier Andrés Rodríguez Valenzuela;1978/10/7;C;7390407;6.75
366;4.787.772-1;Andrea María Ruiz Marín;1985/12/24;A;1778292;7.03
367;13.579.760-2;Pablo Pedro Rodríguez Marín;1983/2/6;B;5440433;9.77
368;4.782.394-4;Andrea Isidora Díaz Rojas;1987/4/7;C;2196260;6.18
369;13.682.595-4;Rodrigo Bernardo Ruiz Valenzuela;1979/4/3;C;4774002;1.26
370;9.619.271-10;Javier Alejandro Quiroga Rojas;1967/6/14;C;4077961;2.63
371;7.415.427-1;Andrés Francisco González Vergara;1973/3/15;E;492914;0.82
372;5.717.294-7;Gabriel Francisco Muñoz Valenzuela;1998/6/6;D;253916;2.34
373;14.732.831-2;Andrea Blanca Castro González;1990/5/10;A;3805407;6.58
374;4.877.883-5;Juan Pedro González Rojas;1965/6/1;E;6856940;9.29
375;19.266.118-6;Paula Victoria Díaz López;1965/8/25;C;6692575;5.59
376;19.445.010-3;Valeria Victoria Rodríguez Quiroga;1997/3/4;A;6030324;6.35
377;10.406.449-4;Francisco Alejandro Marín Castro;1983/4/18;D;8111573;0.99
378;5.080.945-4;Paula Daniela Rodríguez Campos;1980/7/9;C;7244986;4.1
379;20.325.410-6;Juan Pedro Vergara Muñoz;1962/4/28;E;2753989;0.54
380;8.161.572-7;Pamela Paula Robles Ruiz;1965/1/19;A;9919485;3.46
381;4.237.580-9;Javier Vicente Robles Ruiz;1974/9/21;A;6320098;6.19
382;18.306.869-8;Constanza Isabel Valenzuela Ruiz;1978/11/28;C;6459840;5.94
383;14.502.816-7;Cecilia Paula Rojas González;1980/3/21;D;2130603;2.25
384;9.175.266-4;Daniela Daniela López Marín;1961/5/4;A;8559756;1.72
385;15.962.331-3;Rodrigo Gabriel Saavedra Rojas;1974/4/12;E;3438113;5.15
386;4.332.189-3;Javier Felipe López Muñoz;1973/2/3;D;9671441;4.98
387;12.558.153-5;Javiera Cecilia Rodríguez Saavedra;1974/6/27;A;3803155;8.92
388;8.615.668-10;Juan Alejandro Rojas Saavedra;1998/6/10;C;7800885;8.12
389;10.876.684-3;Alejandro Rodrigo Rodríguez Díaz;1974/9/4;E;8277328;3.43
390;17.954.271-7;Gabriel Ignacio Robles Rodríguez;1971/10/24;C;1343389;5.13
391;18.801.378-8;Vicente Andrés Marín Saavedra;1967/8/30;C;4367408;5.06
392;14.154.077-7;Javier Javier Campos Robles;1967/2/8;B;8215970;8.11
393;5.648.732-2;Gabriel Felipe Quiroga Robles;1971/3/29;A;9046944;5.94
394;10.100.844-7;Pedro Felipe González Castro;1994/4/26;E;2501362;5.83
395;7.435.779-1;Isidora Pamela Saavedra Díaz;1960/4/11;A;4781938;8.16
396;16.762.880-9;Andrés Javier Muñoz Rojas;2000/4/29;A;2437497;6.78
397;15.346.388-10;Victoria Constanza Díaz Robles;1980/11/27;B;3367163;9.34
398;17.765.024-6;Ignacio Ramón González Saavedra;1976/9/28;A;8387791;7.82
399;18.280.243-1;Cecilia Andrea Saavedra Valenzuela;1991/7/28;C;4637929;4.35
400;10.026.149-2;Victoria Victoria Ruiz Castro;1986/3/5;E;3684893;6.88
401;19.290.145-1;Constanza Daniela Vergara Campos;1993/5/2;A;1646488;4.99
402;6.388.608-5;Victoria Isidora Campos Campos;1974/8/8;B;8601808;8.44
403;5.328.216-2;Ignacio Felipe Quiroga López;1992/1/29;C;3265051;9.38
404;17.188.03-9;Francisco Rodrigo Valenzuela Castro;2000/1/11;A;7212302;4.92
405;5.498.732-10;Pedro Pablo Valenzuela Valenzuela;1986/12/6;C;7134272;8.81
406;17.548.335-1;Valeria Victoria Campos Rodríguez;1983/3/7;C;8673869;8.38
407;15.730.383-1;Ignacia Cecilia Quiroga Castro;1988/6/18;E;1848193;5.32
408;20.685.222-3;Bernardo Juan López Rojas;1964/7/1;A;1977371;8.55
409;13.853.659-8;Juan Vicente Ruiz López;1973/7/19;C;5365495;8.61
410;21.868.476-3;Javier Felipe López Díaz;1975/3/13;B;5300861;6.07
411;7.406.044-9;Daniela Daniela Campos Valenzuela;1982/7/24;E;1680119;9.68
412;5.760.609-1;Pamela Valeria Robles Rojas;1998/6/16;A;8482715;0.16
413;17.636.858-1;Blanca Cecilia Marín Valenzuela;1971/10/9;D;4461090;3.83
414;4.777.357-2;Pablo Rodrigo Campos Robles;1993/1/3;C;6082167;2.71
415;13.882.054-8;Cecilia Paula Castro Muñoz;1970/8/28;E;8073974;6.06
416;4.622.169-1;Valeria Paula González González;1987/8/6;D;3204767;9.62
417;5.371.872-3;María Isidora Castro González;1989/5/30;B;5421631;0.42
418;16.859.969-1;Gabriel Bernardo López Castro;1978/12/11;D;185032;8.83
419;5.902.757-8;Paula Pamela López Rodríguez;1967/11/17;A;8069517;6.53
420;19.292.819-9;Francisco Francisco López Quiroga;1969/2/8;E;2013534;3.28
421;17.092.09-8;Ignacio Juan Quiroga Castro;1978/10/18;B;1132580;1.17
422;8.150.297-6;Isabel Constanza Rojas Robles;1974/10/8;A;589323;3.92
423;20.313.740-8;Isidora Javiera Muñoz Robles;1984/8/15;D;462564;3.96
424;21.438.115-9;Isabel Blanca López Rojas;1970/3/19;D;3803701;9.54
425;7.283.942-8;Cecilia Pamela López González;1996/4/9;A;1141924;7.96
426;5.310.039-4;Daniela Victoria Campos Díaz;1992/3/21;E;177231;6.08
427;9.635.970-10;María Valeria Marín Rodríguez;1960/3/2;E;1007821;2.63
428;16.369.378-10;Juan Felipe Rodríguez Vergara;1964/12/22;A;4798608;5.25
429;18.321.635-1;Bernardo Felipe Rojas Castro;1994/3/24;E;7656021;4.44
430;13.057.375-5;Isabel Javiera Muñoz Campos;1991/9/15;A;9829575;2.14
431;10.730.916-5;María Cecilia Quiroga Castro;1973/12/29;D;574807;0.68
432;10.723.592-5;Bernardo Javier Castro Saavedra;1984/5/3;A;8489687;8.79
433;20.808.572-9;Rodrigo Ramón Ruiz Díaz;1995/12/9;A;1935257;8.35
434;9.290.198-0;Daniela Isabel Ruiz Díaz;1996/5/5;B;2283180;0.47
435;13.119.497-7;Isabel Blanca Castro Marín;2000/10/10;D;305460;6.57
436;5.172.420-10;Gabriel Pedro López Ruiz;1969/10/3;D;545993;2.62
437;6.160.235-1;Blanca Pamela Robles Rojas;1971/8/21;B;9034960;3.25
438;15.190.129-6;Andrea Andrea Saavedra Díaz;1976/12/22;C;4787656;2.0
439;19.054.119-5;Cecilia Javiera Rodríguez Díaz;1971/5/16;D;7756575;0.44
440;20.921.519-10;Javiera Valeria González Saavedra;1994/6/29;C;8422232;7.78
441;18.172.945-6;Andrés Ramón Valenzuela Marín;1966/3/28;E;1809464;5.81
442;13.393.426-9;Andrea Isidora Rodríguez González;1966/12/22;C;54358;3.35
443;15.823.299-8;Javiera Cecilia López Saavedra;1966/3/24;D;5029065;7.83
444;11.687.115-8;María Pamela Robles González;1962/5/6;D;6723713;3.31
445;6.086.548-3;Juan Bernardo Ruiz Díaz;1975/11/1;E;4827734;8.33
446;20.857.387-6;Ignacio Rodrigo Castro González;1970/6/21;D;9384879;8.93
447;21.559.061-8;Andrés Vicente Castro Ruiz;1963/1/17;E;1618374;2.05
448;5.725.055-8;Juan Alejandro Valenzuela Rojas;1998/4/20;A;638154;9.02
449;7.614.065-6;Ignacia Paula Quiroga Díaz;1961/12/11;B;341884;7.43
450;4.035.258-4;Andrés Javier Rojas Muñoz;1976/3/23;D;8415779;4.17
451;14.117.419-0;Pedro Ignacio Campos Rodríguez;1977/2/15;D;8931856;1.52
452;20.514.874-0;Victoria Valeria Vergara López;1967/8/14;A;8784413;4.43
453;21.817.694-6;Isidora Valeria González Rodríguez;1970/5/25;B;3204297;1.94
454;10.973.165-6;Gabriel Rodrigo Vergara Castro;1995/10/19;B;7288411;1.26
455;21.469.114-8;Vicente Pedro Campos Robles;1995/1/25;B;4155705;2.91
456;14.316.140-1;Pablo Rodrigo Rodríguez Campos;1967/12/30;D;4377302;8.23
457;15.982.069-8;Pedro Pablo Rodríguez Robles;1975/3/1;D;7732977;1.07
458;14.399.501-8;Daniela Andrea Rojas Marín;1972/2/28;B;8083637;0.26
459;15.603.039-1;Pablo Javier Quiroga Campos;1987/11/18;E;5701132;6.88
460;17.457.845-6;Francisco Pablo Marín Robles;1995/6/16;B;6700551;9.03
461;12.485.117-4;Constanza María Marín Quiroga;1990/4/9;C;9062302;6.62
462;10.658.682-1;Valeria Isidora Muñoz Quiroga;2000/9/26;B;946232;1.13
463;7.610.902-3;María Cecilia López Saavedra;1982/4/19;A;4783515;2.5
464;13.447.443-0;Valeria Constanza Marín Rodríguez;1962/9/21;D;3052636;5.54
465;5.370.036-0;Javiera Daniela Ruiz González;1975/12/11;B;8675056;6.18
466;15.421.793-3;Pamela Javiera Castro Robles;1975/3/25;B;9742620;6.21
467;17.391.928-5;Victoria Victoria López Ruiz;1980/4/4;D;4655478;0.39
468;7.562.367-4;Ignacia Isidora Díaz Marín;1965/10/6;C;2668075;6.59
469;5.241.775-9;Juan Ignacio Vergara Díaz;1988/12/11;E;7069938;6.28
470;7.896.998-6;Blanca Paula Saavedra González;1961/9/11;B;4934709;8.68
471;12.099.093-7;Ignacia Ignacia Ruiz Saavedra;1971/4/27;B;9376825;8.27
472;21.358.390-0;Andrea Ignacia Rodríguez Ruiz;1963/7/2;E;1303956;0.35
473;16.736.863-3;Blanca Javiera Marín González;1979/9/3;E;6340157;5.45
474;5.112.861-10;Constanza Constanza Marín Vergara;1979/8/30;D;1838173;3.74
475;18.052.511-6;Pamela Daniela Rojas Vergara;1970/7/27;B;3143423;0.95
476;15.890.990-1;Ramón Pablo Vergara Rodríguez;1964/6/14;C;9287757;3.35
477;10.563.481-5;Vicente Andrés Vergara Robles;1978/3/28;D;2340116;2.27
478;11.828.058-3;Cecilia Victoria Marín Marín;1977/8/14;D;3409848;7.26
479;10.121.099-10;Vicente Pablo Vergara Vergara;1964/2/28;A;8864715;8.91
480;14.010.945-1;Francisco Pedro González Ruiz;1978/5/14;B;6007989;4.19
481;18.187.918-3;Daniela María Rodríguez Marín;1984/1/10;D;7124695;3.2
482;7.939.933-10;Isidora Javiera Díaz Castro;1993/3/8;E;7028374;1.62
483;10.877.709-8;Constanza Cecilia Vergara Vergara;1979/6/19;A;9335198;1.96
484;19.627.044-1;María Daniela Rodríguez López;1979/4/11;C;4476930;5.73
485;12.149.418-10;Andrea Isidora Quiroga Vergara;1964/3/9;E;9150135;5.57
486;13.366.165-3;Isidora Ignacia Valenzuela Díaz;1995/2/26;C;251590;2.81
487;12.818.960-2;Gabriel Bernardo González Rojas;1991/12/7;E;2433260;7.8
488;6.780.340-8;Javier Javier Díaz Marín;1985/10/16;E;4058623;8.08
489;14.150.085-5;Andrea Andrea Saavedra Rojas;1965/4/26;C;9882955;8.37
490;6.094.984-1;Isabel Andrea Rodríguez Vergara;1989/7/20;A;1777666;4.08
491;15.456.960-5;Gabriel Alejandro Robles Muñoz;1960/6/7;E;7656125;5.04
492;15.125.153-8;Francisco Pedro Saavedra Rojas;1962/5/29;A;9466826;9.35
493;8.863.285-5;Gabriel Pedro López Rojas;1986/5/11;B;5307504;9.65
494;10.391.106-5;Ignacia Valeria Castro Quiroga;1988/3/18;D;2548767;0.26
495;19.108.194-10;Constanza Daniela Saavedra Rojas;1975/8/3;A;1355262;7.5
496;7.501.437-7;Andrés Juan Rodríguez Rodríguez;1964/10/27;C;677137;3.04
497;11.052.557-7;Javiera Andrea Quiroga Quiroga;1963/5/29;C;3375723;9.71
498;21.566.543-4;Pablo Vicente Vergara Díaz;1975/8/18;B;3661501;3.49
499;10.730.846-5;Ignacio Felipe Rojas Muñoz;1991/7/22;A;1375077;5.68
500;19.320.138-7;Javiera Isidora Vergara Rojas;1986/6/0;C;7598107;7.15
501;16.129.471-0;Pedro Ramón Saavedra Ruiz;1989/7/27;B;8828400;0.55
502;12.043.430-7;Isidora Andrea Robles Muñoz;1971/6/15;B;3876270;4.24
503;9.805.522-6;Constanza Victoria Muñoz González;1966/1/25;B;6477646;3.48
504;21.235.224-0;Pedro Juan Valenzuela Díaz;1974/3/23;B;4109321;8.09
505;19.377.870-2;Felipe Javier Muñoz Robles;1972/5/22;A;6814046;1.87
506;17.377.402-5;Ramón Ramón Quiroga Valenzuela;1967/9/21;B;1858637;1.9
507;12.291.407-1;Felipe Rodrigo Muñoz Rojas;1973/3/22;B;8193647;6.47
508;10.023.710-4;María Blanca Rodríguez Saavedra;1964/4/0;B;6225278;2.7
509;20.206.546-8;Javier Bernardo Marín Rodríguez;1992/2/8;D;6483419;2.58
510;17.783.011-5;Andrea Andrea Valenzuela Rojas;2000/7/11;D;508991;9.73
511;12.613.405-4;Paula Isabel Ruiz González;1971/7/3;C;269131;7.36
512;7.430.241-3;Daniela Constanza Díaz Muñoz;1990/11/2;C;9130565;7.56
513;10.219.944-6;Francisco Juan Saavedra Muñoz;1961/7/18;C;7402329;5.55
514;21.678.026-5;Javier Ramón Ruiz Vergara;1981/5/17;B;7945372;4.84
515;4.983.862-9;Victoria Daniela Castro Muñoz;2000/12/28;A;4817096;2.29
516;12.813.562-8;Bernardo Francisco González Saavedra;1981/8/0;B;8668896;9.47
517;21.622.805-5;Blanca Andrea Campos Ruiz;1961/5/15;E;3210432;0.32
518;16.734.707-6;María Isabel Valenzuela Díaz;2000/9/16;C;1980357;1.04
519;12.821.859-0;Daniela Constanza Castro González;1972/5/30;B;1617531;5.19
520;14.424.585-10;Ramón Pablo Rodríguez Rodríguez;1975/8/13;B;3384845;1.86
521;4.967.382-4;Ignacio Ramón Díaz Quiroga;1973/7/28;B;674325;9.02
522;20.708.058-3;Paula Blanca Valenzuela Castro;1995/9/19;B;3707984;2.29
523;17.102.475-0;Blanca Victoria Ruiz Castro;1966/7/5;A;7677274;1.88
524;5.04.950-8;Constanza Constanza Vergara González;1978/5/29;D;7364059;1.83
525;10.922.906-2;Blanca Cecilia Vergara Rodríguez;1999/4/3;E;2834369;8.38
526;7.345.656-5;Cecilia Isabel Díaz Ruiz;1985/2/12;C;42298;3.7
527;17.125.535-9;Daniela Ignacia Díaz Robles;1973/6/15;C;4214951;0.51
528;7.121.741-0;Victoria Cecilia Valenzuela López;1988/11/1;E;1984902;5.04
529;18.776.859-10;Isidora Javiera López Quiroga;1964/2/3;A;7400363;3.47
530;4.024.682-10;Valeria Victoria Saavedra Robles;1972/2/22;E;1641792;2.16
531;18.316.289-8;Blanca Constanza Díaz Vergara;1986/12/5;C;5025136;6.43
532;17.308.792-10;Bernardo Bernardo Campos Valenzuela;2000/8/16;A;8545257;4.77
533;4.505.407-4;Javier Felipe Castro Castro;1966/6/20;A;7634035;6.51
534;18.960.421-4;Cecilia Isidora Saavedra Quiroga;1981/4/3;E;2975113;1.91
535;13.416.874-8;Javiera Blanca Ruiz López;1976/1/16;C;7666284;5.96
536;4.590.071-6;Daniela Ignacia Rodríguez Vergara;1969/5/8;C;6075450;4.8
537;20.081.815-9;Pablo Alejandro González Quiroga;1989/8/5;D;72235;2.89
538;16.354.695-9;Cecilia Isidora Marín Campos;1971/5/5;E;3676849;4.34
539;8.738.616-3;Valeria Victoria Rojas Muñoz;1982/11/1;D;1789069;9.26
540;11.914.625-9;Javiera Ignacia Díaz Robles;1978/2/19;B;3239347;4.05
541;12.497.305-1;Juan Pablo Campos Castro;1974/5/9;D;1162612;6.84
542;8.204.882-2;Gabriel Pedro Saavedra Saavedra;1997/9/26;A;9525945;7.53
543;8.234.235-9;Andrés Ignacio González Castro;1986/9/4;E;3762873;8.22
544;10.921.166-2;Juan Pablo Rojas López;1998/5/22;A;4093728;3.26
545;7.876.393-4;Juan Pedro Castro Valenzuela;1998/7/14;C;7197120;0.2
546;14.051.624-8;Juan Juan Rodríguez Robles;1963/2/26;A;7392963;1.36
547;16.893.934-1;Francisco Javier Valenzuela Castro;1999/8/9;B;847403;7.07
548;12.360.758-10;Ignacio Pablo Robles Rojas;1964/7/17;C;9755745;7.46
549;4.866.662-10;Felipe Ignacio Campos Valenzuela;1997/10/5;C;8954225;0.61
550;10.881.665-0;Ignacio Alejandro Díaz Valenzuela;1994/10/0;E;4325132;8.01
551;17.922.927-8;Pamela Cecilia Valenzuela Castro;1991/4/24;A;8921875;0.6
552;21.956.355-8;Andrés Pablo Castro Díaz;1980/4/27;D;296257;7.62
553;13.203.129-2;Juan Andrés López González;1994/7/1;E;2641727;9.73
554;21.176.131-7;Victoria Isidora Saavedra Rodríguez;1973/7/27;A;528511;7.77
555;15.617.706-0;Vicente Vicente Díaz Rodríguez;1978/8/0;C;6960824;0.95
556;19.677.904-6;Francisco Alejandro Rojas Rodríguez;1975/5/17;B;467229;4.94
557;6.268.514-1;Isidora Constanza Saavedra Saavedra;1984/6/9;B;9962547;3.55
558;20.111.608-0;Pablo Javier Díaz Muñoz;1988/9/19;D;6336479;7.03
559;21.380.928-7;Cecilia Isidora Muñoz Rojas;1977/6/10;E;7581609;7.94
560;5.566.761-5;Ramón Andrés Marín Rojas;1979/2/3;B;2267297;3.24
561;9.052.458-2;Francisco Javier Ruiz Rodríguez;1986/6/23;A;5683903;8.8
562;15.174.392-0;Isidora Constanza Castro Robles;2000/4/18;D;4487438;7.89
563;20.355.935-8;Pedro Ramón López Saavedra;1974/1/7;D;1409073;2.25
564;16.346.891-9;Andrés Gabriel López Vergara;1981/9/2;B;4446236;4.39
565;18.669.680-5;Ignacia Pamela Rojas Ruiz;1962/8/9;C;8873614;2.44
566;13.556.844-0;Daniela Isabel González Marín;1986/3/28;A;965502;3.8
567;4.964.904-6;Andrea Cecilia Rodríguez Rodríguez;1968/10/0;B;252781;5.23
568;16.185.823-2;Andrés Javier Rodríguez Muñoz;1975/4/21;C;2463426;4.52
569;19.564.444-7;Javier Gabriel Robles Díaz;1979/3/26;A;4014469;8.1
570;21.427.388-3;Ignacia Victoria Robles Campos;1995/12/24;D;2463739;5.56
571;5.953.920-10;Pablo Rodrigo Ruiz González;1965/4/1;B;5085548;4.57
572;8.850.777-8;Francisco Alejandro Quiroga Rodríguez;1971/2/12;A;6172208;7.68
573;17.796.256-1;María Daniela Ruiz Saavedra;1997/10/15;B;27274;7.9
574;16.839.463-6;Juan Alejandro Marín Rodríguez;1983/6/21;B;1298726;4.59
575;9.310.377-9;Daniela Pamela Saavedra Muñoz;1999/4/30;D;8751009;7.74
576;21.355.597-4;Andrés Alejandro Campos Muñoz;1991/1/18;E;6409897;2.68
577;7.415.453-4;Ignacio Juan Saavedra Ruiz;1968/4/21;A;3315747;0.55
578;15.380.315-7;Andrés Rodrigo Marín Rodríguez;1971/8/24;B;1589408;9.46
579;10.727.556-10;Ignacia Cecilia Quiroga González;2000/2/11;E;8736611;3.86
580;19.052.973-6;Gabriel Ramón Saavedra Rodríguez;1994/3/18;B;2474513;3.85
581;18.749.411-2;Francisco Ramón González López;1960/9/10;B;5372451;8.05
582;11.680.853-2;Ignacio Rodrigo Díaz Rojas;1989/12/18;D;9878367;2.18
583;6.227.082-10;Gabriel Juan Saavedra Muñoz;1982/7/28;C;1323928;3.48
584;18.05.743-8;Constanza Valeria Saavedra Quiroga;1995/6/19;C;97141;5.31
585;17.431.257-0;Cecilia Andrea Díaz Rojas;1963/1/20;C;4782741;3.49
586;10.328.198-10;Javiera María Muñoz Rodríguez;1999/10/20;B;3090267;5.92
587;18.817.518-0;Javiera Isidora Quiroga López;1961/4/3;D;9254681;3.02
588;7.946.832-8;María Cecilia Valenzuela Rodríguez;1960/12/14;B;5511082;3.27
589;17.141.825-0;Victoria Valeria Castro Ruiz;1961/7/20;C;3475006;8.0
590;16.657.910-10;Alejandro Javier Vergara González;1984/2/27;B;4647018;6.53
591;15.321.551-3;Felipe Ramón Muñoz Vergara;1999/7/25;A;2084221;1.94
592;8.450.734-0;Blanca Paula Robles Marín;1981/10/14;D;6650027;7.84
593;4.235.093-5;Isabel Victoria Castro Vergara;1984/7/22;E;4818713;5.03
594;10.643.273-8;Isabel Ignacia Campos Muñoz;1989/4/8;B;2203510;5.56
595;17.288.667-8;Felipe Gabriel Díaz Rojas;1974/7/6;A;5068570;2.93
596;11.742.100-6;Victoria Isidora Saavedra Marín;1978/10/12;C;8059595;9.17
597;6.145.461-4;Felipe Pedro Vergara Ruiz;1989/9/26;C;777737;3.24
598;8.534.413-8;Constanza Ignacia Saavedra Castro;1998/2/25;C;9034952;8.68
599;16.995.434-0;Paula Pamela Robles Díaz;1976/3/9;C;2908620;9.68
600;6.128.781-2;Javiera Paula López Campos;1985/2/17;D;6029424;4.95
601;17.809.428-0;Andrés Pablo Valenzuela Rodríguez;1969/7/9;E;3813175;6.13
602;19.641.316-3;Constanza Isabel Rojas Rodríguez;1979/10/2;B;3566745;3.88
603;17.452.935-8;Andrés Gabriel Marín Robles;1967/5/13;C;2882669;6.21
604;12.461.798-0;Constanza Victoria López Robles;1997/11/20;A;6351919;6.91
605;15.121.888-2;Blanca Ignacia Rodríguez Díaz;1973/6/7;B;6550206;5.44
606;9.910.594-4;Pamela Constanza Rojas Díaz;1995/3/5;C;4939865;0.47
607;7.518.838-6;Isidora Andrea Rodríguez González;1978/11/7;D;5525671;4.6
608;10.238.712-4;Ignacio Francisco Vergara Rodríguez;1984/2/24;C;1099263;9.22
609;13.980.817-4;Javier Ramón Muñoz López;1970/10/7;D;1503059;6.11
610;21.381.451-0;Francisco Alejandro Quiroga Castro;1980/4/29;B;7102167;8.21
611;7.789.723-3;Pablo Vicente González Quiroga;1979/6/15;C;6879056;9.06
612;16.926.111-9;María Isabel Vergara Díaz;1987/8/15;B;6115941;5.11
613;11.667.822-9;Ignacia Cecilia González Rodríguez;1973/5/24;C;2749605;8.85
614;14.929.325-9;Ramón Felipe Rodríguez Ruiz;1994/3/28;C;3287044;0.14
615;20.165.534-5;Victoria Javiera Díaz Marín;1968/12/15;C;3653316;1.8
616;16.420.215-4;Javiera Victoria Rojas Ruiz;1976/1/1;C;7217429;5.13
617;17.998.947-8;Pamela Ignacia Rojas Muñoz;1986/11/5;D;371059;3.25
618;10.122.666-9;Paula Valeria Rojas Díaz;1994/5/19;A;1615931;6.02
619;10.635.275-10;Andrés Alejandro Vergara Campos;1986/8/21;B;2435418;2.36
620;16.437.133-8;Pablo Bernardo Rodríguez Rodríguez;1984/4/24;B;9524814;6.05
621;17.804.581-0;Constanza Pamela Ruiz Marín;1969/11/30;D;6092970;9.93
622;7.533.948-5;Pamela Blanca Rojas Rodríguez;1997/9/14;C;9841941;9.22
623;18.626.580-5;Juan Gabriel Rodríguez Díaz;1975/9/17;E;4815522;0.66
624;9.058.192-2;Isabel Victoria Rodríguez Rodríguez;1971/1/21;D;9248078;9.12
625;16.280.023-2;Bernardo Gabriel Robles Rodríguez;1964/12/30;D;4874240;9.82
626;13.265.122-8;Pedro Gabriel Rodríguez López;1964/3/4;E;9495836;0.27
627;16.516.383-2;Vicente Alejandro Valenzuela Robles;1967/12/0;D;4461750;2.39
628;16.564.948-8;Constanza Valeria Marín Saavedra;1997/6/1;A;4249604;8.22
629;20.612.746-3;Victoria Andrea Marín Díaz;1994/1/25;D;8258651;1.8
630;16.298.023-4;Daniela Ignacia Vergara Ruiz;1978/12/12;C;507327;8.79
631;12.112.471-2;Isabel Isidora Valenzuela Valenzuela;1987/1/26;C;9531863;4.23
632;18.946.953-9;Francisco Alejandro Saavedra López;2000/1/15;A;4132409;9.93
633;12.113.535-2;María Paula González Rodríguez;1975/7/29;E;8974891;0.98
634;12.902.813-6;Pedro Felipe Quiroga González;1977/2/28;B;3832834;2.29
635;13.256.501-9;Isabel Valeria López Saavedra;1977/10/19;B;6126685;9.53
636;7.949.028-0;Ignacia Daniela Ruiz Díaz;1989/6/10;C;7660015;0.13
637;19.445.248-2;Ignacia Javiera Ruiz Díaz;1969/10/16;C;610814;1.74
638;9.329.194-0;Andrés Bernardo Saavedra Rodríguez;1997/11/28;B;4869750;7.56
639;8.114.022-8;Daniela Constanza Ruiz López;1997/7/14;E;3316368;7.92
640;8.113.756-2;Isabel Blanca Rojas Rojas;1997/3/1;A;206129;4.81
641;18.922.069-2;Pablo Ignacio Marín Rodríguez;1968/6/20;B;2400443;2.77
642;11.294.038-6;Francisco Felipe Robles Marín;1992/1/18;A;4424949;6.1
643;21.039.941-3;María Valeria Robles López;1995/1/20;D;1552984;0.73
644;16.916.145-6;Rodrigo Alejandro Castro Rodríguez;1975/5/30;C;8451891;6.65
645;5.548.332-1;Javier Pedro Ruiz Vergara;1994/7/18;E;5881571;8.86
646;18.343.264-0;Ignacio Ignacio Castro González;1977/9/11;C;3963540;6.5
647;11.344.905-2;Andrea Ignacia Marín Marín;1987/4/7;E;9437832;1.17
648;8.610.767-10;Paula Valeria Muñoz Ruiz;1997/6/29;E;2494158;8.74
649;11.600.981-10;Valeria Victoria Saavedra Díaz;1995/4/25;B;1649402;2.29
650;14.451.305-1;Javier Pablo Muñoz Robles;1988/7/21;A;3581763;1.01
651;19.721.609-0;Valeria Isabel Quiroga González;1960/9/3;B;6573867;3.75
652;14.893.761-3;Valeria Andrea Saavedra Marín;1987/1/8;B;9201544;9.36
653;8.870.104-10;Valeria Victoria Rojas Ruiz;1967/8/9;D;1065569;4.47
654;21.498.077-7;Francisco Andrés Valenzuela González;1995/1/18;D;6502871;1.44
655;12.154.830-9;Francisco Francisco Castro Valenzuela;1995/5/12;A;5513370;6.78
656;17.093.722-2;Valeria Ignacia Rojas Díaz;1991/9/27;B;296511;8.3
657;12.795.850-9;Blanca Ignacia Saavedra Rojas;1997/2/0;B;7795951;5.68
658;15.991.075-4;María Daniela Saavedra Marín;1992/5/21;C;874300;1.66
659;10.265.416-0;Alejandro Pablo Ruiz González;1960/6/19;E;7514303;1.88
660;9.205.455-4;Rodrigo Javier López Campos;1983/2/9;C;1153679;0.8
661;10.312.484-10;Victoria Constanza Rojas Díaz;1999/2/25;D;6098572;5.53
662;16.06.738-8;Isabel Cecilia Rojas Saavedra;1962/1/29;C;9981457;6.52
663;14.133.449-2;Isabel Daniela González Vergara;1975/3/21;D;2331048;6.78
664;20.361.473-2;Blanca Cecilia Rodríguez López;1973/7/0;E;7512200;7.21
665;18.038.640-4;Blanca Pamela López Rojas;1978/2/10;E;36214;3.13
666;7.353.434-5;Vicente Vicente Rojas Rojas;1994/12/10;D;6962600;6.09
667;17.644.094-7;Javiera Daniela Marín Vergara;1963/8/11;A;7697924;5.11
668;20.458.037-6;Gabriel Rodrigo Saavedra Saavedra;1992/7/6;C;6867943;7.21
669;4.925.770-10;Javier Rodrigo Marín Campos;1995/1/23;E;1439389;5.25
670;9.171.265-7;Andrés Bernardo Castro Rodríguez;1977/7/17;A;9714171;8.5
671;6.236.704-2;Pamela Cecilia Rojas Robles;1962/11/11;E;2647928;9.69
672;4.064.733-0;Bernardo Javier Díaz Vergara;1976/12/12;E;920632;4.42
673;14.642.107-1;Felipe Gabriel Díaz Marín;1973/7/4;C;6274835;6.39
674;16.321.162-5;Bernardo Bernardo Rojas Castro;1969/7/9;A;5886798;7.49
675;19.880.269-1;Andrés Gabriel Muñoz Ruiz;1971/1/3;A;6019780;1.17
676;10.762.527-1;Juan Ramón Marín Quiroga;1975/9/30;D;2399709;9.08
677;4.489.642-0;Ramón Alejandro Valenzuela Rodríguez;1974/10/15;C;2649928;4.69
678;18.723.790-6;Pedro Pedro Saavedra Rodríguez;1998/10/2;E;541840;2.33
679;8.571.728-3;Bernardo Alejandro Quiroga González;1988/11/11;D;824001;9.1
680;13.090.029-3;Valeria Paula Vergara Campos;2000/7/12;B;5144541;4.65
681;18.729.509-6;Andrea Paula Rodríguez Rojas;1965/10/0;C;678166;4.11
682;19.246.135-3;Ignacia Constanza Robles González;1998/11/0;B;3226880;1.13
683;11.732.679-10;Francisco Juan Quiroga López;1979/10/21;E;8667496;1.9
684;15.102.322-10;Francisco Gabriel Saavedra Muñoz;1965/2/12;C;1207001;8.31
685;17.244.891-7;Pablo Felipe Muñoz Valenzuela;1997/10/13;B;3643899;9.58
686;19.415.205-4;Andrés Ramón Marín Valenzuela;1973/2/10;E;3353655;5.61
687;14.691.638-4;Pablo Bernardo Quiroga Saavedra;1961/10/8;E;5514391;3.5
688;9.740.512-5;Javiera Isidora Marín Saavedra;1998/8/14;E;5688736;5.89
689;13.395.011-2;Andrea Isidora González Campos;1983/2/28;D;9636396;7.3
690;10.947.04-6;Vicente Francisco Robles Rodríguez;1994/12/21;E;3725728;3.76
691;17.176.672-8;Pamela Isabel Ruiz González;1968/8/0;D;5824907;9.45
692;10.113.618-0;Andrés Pedro Vergara Saavedra;1967/4/19;B;6647397;0.35
693;21.546.489-9;Francisco Pedro Muñoz Valenzuela;1987/10/22;A;5868806;0.27
694;20.906.103-2;Valeria Paula Muñoz Muñoz;1994/9/12;D;9344701;4.56
695;17.695.888-5;María María Vergara Díaz;1982/4/18;D;2665367;7.76
696;5.871.858-4;Felipe Alejandro Ruiz Robles;1986/5/24;D;3470819;0.15
697;18.645.972-5;Juan Felipe Saavedra Saavedra;1962/12/19;C;9568711;7.8
698;5.762.176-5;Victoria Constanza López Díaz;1993/12/1;B;3848350;9.38
699;14.717.624-9;Victoria Isabel Saavedra Quiroga;1965/5/23;C;808015;6.48
700;9.948.570-0;Andrea Pamela Valenzuela González;1991/8/3;B;5935510;0.61
701;18.923.012-10;Victoria Isabel Valenzuela Valenzuela;1991/4/14;E;779840;2.21
702;20.828.327-8;Javiera María Díaz Díaz;1976/6/21;C;4800733;3.77
703;10.011.782-2;Paula Blanca Saavedra López;1972/5/10;D;1660337;4.93
704;10.01.239-2;Andrea Constanza Rojas Robles;1983/9/7;E;5337384;3.89
705;21.423.144-6;Juan Alejandro Rodríguez Muñoz;1996/10/25;D;9405109;2.71
706;5.661.623-2;Ramón Vicente Ruiz Díaz;1983/1/2;E;5876503;1.2
707;15.671.936-2;Felipe Javier Marín Vergara;1971/7/30;E;1146315;9.43
708;9.161.265-5;Ramón Vicente Ruiz Vergara;1993/1/24;B;9769192;6.23
709;11.140.911-6;Bernardo Pedro Muñoz Robles;1966/4/20;A;4632656;6.58
710;9.500.967-6;Isabel Andrea González Robles;1960/12/20;A;2404726;0.0
711;8.527.363-8;Juan Alejandro Vergara López;1983/11/20;C;8910205;6.07
712;15.340.660-4;Isabel Andrea Ruiz Castro;1971/12/7;E;8775845;1.9
713;13.073.549-4;Javier Pablo Vergara Valenzuela;1990/8/21;C;379615;6.96
714;17.740.669-9;Pablo Ignacio Castro Rodríguez;1975/11/20;B;5794989;3.67
715;8.184.852-8;Victoria Isabel Rodríguez Castro;1974/3/19;D;6909620;2.96
716;4.842.493-9;Pedro Bernardo López Valenzuela;1968/2/7;A;9696674;1.75
717;15.155.615-1;Ignacia Valeria Valenzuela Rodríguez;1963/7/17;D;3363496;5.97
718;5.298.084-10;Isidora Blanca González López;1998/12/22;B;5890187;5.72
719;21.046.536-9;Blanca Isabel Rodríguez Saavedra;1978/2/10;A;6732692;8.77
720;19.408.705-1;Pablo Pablo Castro Díaz;1988/5/29;A;1939793;0.58
721;16.411.560-0;Pablo Javier Rodríguez Campos;1981/12/29;A;2565641;5.49
722;17.898.290-1;Andrea Andrea Muñoz Campos;1980/10/8;A;9925151;8.44
723;17.961.603-10;Alejandro Francisco Valenzuela Quiroga;1994/9/11;C;7338083;5.96
724;13.640.313-1;Cecilia Paula Rojas Rodríguez;1962/8/29;E;4428748;8.41
725;9.107.900-0;Vicente Andrés González Castro;1984/7/19;D;4678976;9.33
726;4.358.767-8;Pablo Bernardo Ruiz Muñoz;1992/5/5;C;7535285;5.66
727;8.604.383-6;Pamela Andrea González Quiroga;1988/8/16;E;6246241;1.48
728;11.829.391-10;Javier Javier Marín González;1968/7/14;B;8794907;5.14
729;15.098.263-6;Paula Isidora López Rodríguez;1981/8/23;E;5547506;8.39
730;17.518.883-6;Andrea Isabel Robles Marín;1986/10/10;A;1044958;5.37
731;5.159.344-2;Victoria Ignacia Marín Vergara;1976/5/2;C;542657;7.18
732;19.327.053-4;Alejandro Gabriel Rodríguez López;1961/10/1;A;4653797;2.39
733;5.428.598-1;Pedro Pablo Vergara Muñoz;1988/4/21;E;5041363;9.71
734;7.544.391-2;Vicente Alejandro Rodríguez Rodríguez;1983/12/22;E;7256697;0.93
735;14.713.332-2;Ramón Gabriel López López;1983/7/16;C;4215933;7.17
736;11.565.525-10;Blanca Valeria Marín Rodríguez;1982/7/3;E;4964352;8.41
737;11.835.318-9;Victoria Paula Díaz Castro;1987/11/0;B;254532;2.45
738;13.520.116-9;Javier Pablo Saavedra Rodríguez;1984/1/14;D;237889;5.85
739;19.143.842-6;Juan Alejandro Valenzuela Marín;1990/7/30;D;6278214;4.61
740;16.018.310-0;Daniela Javiera Vergara Robles;1990/2/22;C;1005537;8.87
741;14.215.309-1;Gabriel Pablo Castro Quiroga;1993/8/9;E;2383558;5.24
742;21.925.740-0;Javiera Daniela Muñoz Muñoz;1986/4/18;A;3262347;1.32
743;17.339.838-6;Gabriel Pablo Campos Castro;1978/12/2;D;6862022;4.75
744;19.226.967-6;Isabel Blanca Valenzuela Campos;1985/3/29;C;4102194;2.82
745;17.757.285-6;Daniela Daniela Robles Muñoz;1970/10/17;B;5718790;3.85
746;8.986.965-0;Andrea Ignacia Robles Robles;1999/6/28;B;4743563;6.63
747;18.776.869-10;Victoria Cecilia Rodríguez Castro;1993/1/4;C;48929;9.95
748;12.274.996-4;Felipe Ignacio Castro Rodríguez;1991/2/14;B;2712311;4.45
749;8.225.774-0;Paula Victoria Díaz López;2000/12/19;E;3103600;8.92
750;9.287.786-4;Constanza Andrea Rojas Ruiz;1998/2/27;A;3302905;0.08
751;19.522.634-1;Isidora Valeria Valenzuela López;1968/4/6;C;9277879;4.18
752;17.128.263-9;Pamela Daniela Castro Campos;1999/1/22;D;4856286;7.53
753;6.082.785-9;Pamela Cecilia Rodríguez López;1981/1/18;C;1319223;7.17
754;12.832.369-3;Rodrigo Alejandro Marín Rojas;1969/5/14;B;6362630;5.48
755;17.098.328-10;Cecilia Constanza González Díaz;1991/3/9;B;3571382;7.44
756;17.664.756-9;Paula Javiera Campos Saavedra;1963/11/18;A;6789133;2.44
757;13.010.488-9;Isabel Javiera Quiroga Marín;1972/5/28;C;3958009;7.06
758;14.634.169-6;Javier Vicente Ruiz Marín;1992/4/12;D;6324637;5.89
759;13.948.371-1;Pablo Ignacio Saavedra Díaz;1983/3/18;A;6907962;8.18
760;10.378.996-1;Pablo Andrés Robles González;1965/1/24;B;1754869;0.31
761;17.050.635-8;Gabriel Andrés Díaz Muñoz;1998/12/17;D;9708854;5.38
762;14.936.860-6;Paula Isabel López Ruiz;1962/3/2;D;9251869;0.04
763;21.225.612-0;Valeria Daniela Rojas Robles;1974/9/28;A;7521576;7.26
764;7.972.831-4;Victoria Victoria Rodríguez Robles;1994/5/20;A;6327554;1.13
765;8.305.550-8;Bernardo Pedro González Saavedra;1973/11/0;A;9434008;4.94
766;21.542.010-0;Juan Gabriel Saavedra Castro;1991/3/4;C;6405707;7.65
767;15.347.506-1;Bernardo Juan Castro Quiroga;1971/7/11;C;3684264;9.42
768;15.489.591-3;Isidora Andrea Valenzuela Saavedra;1966/8/9;B;4230571;4.18
769;4.650.229-2;Valeria Daniela Díaz Ruiz;1985/2/22;A;6578126;4.17
770;11.588.447-9;Gabriel Alejandro Muñoz Quiroga;1984/3/20;E;2057123;3.36
771;17.821.831-1;Javiera María Quiroga Rodríguez;1985/6/25;C;2197934;3.67
772;9.815.488-10;Valeria Isabel Vergara Quiroga;1984/8/26;E;7234442;8.66
773;15.044.554-1;Rodrigo Andrés González Quiroga;1990/5/13;B;8458234;1.18
774;9.482.374-1;Valeria Blanca Robles López;1975/8/24;A;3242171;9.8
775;11.898.407-6;Isabel Ignacia Rodríguez Díaz;1993/2/26;D;6759808;6.89
776;4.788.668-6;Isabel Paula Díaz López;1998/11/20;D;5425302;4.74
777;6.602.514-6;Juan Francisco Muñoz Quiroga;1972/8/10;E;1710140;8.69
778;16.676.423-0;Alejandro Ignacio Castro Robles;1963/9/2;B;629084;6.58
779;20.931.568-8;Ramón Gabriel Rojas Quiroga;1980/5/17;E;7429278;7.99
780;15.403.416-2;Ignacia Valeria Ruiz González;1990/10/10;B;6713342;4.84
781;13.084.154-8;Andrés Ignacio Rodríguez Marín;1969/5/6;E;8105131;5.86
782;4.496.795-9;Constanza Pamela Díaz Ruiz;1986/9/18;A;5497030;2.32
783;4.172.258-10;Paula Ignacia Ruiz Valenzuela;1999/7/21;C;1449220;4.73
784;15.662.587-10;Paula Isidora Campos López;1962/1/9;B;8259798;1.47
785;16.490.133-6;Francisco Ramón Marín López;1965/3/23;D;2715993;6.28
786;5.214.546-5;Gabriel Vicente López González;1990/4/17;B;7284451;2.03
787;4.263.943-1;Daniela María Valenzuela González;1976/4/11;D;1579768;9.09
788;17.383.168-7;Bernardo Rodrigo Vergara González;1996/9/29;E;9402274;0.67
789;14.703.524-9;Javiera Victoria González Marín;1995/6/12;D;8774890;8.26
790;4.407.866-8;Felipe Felipe Saavedra Ruiz;1999/12/2;C;1301631;1.55
791;11.410.323-7;Ramón Rodrigo Muñoz Castro;1974/5/10;B;9434591;5.21
792;9.671.287-10;Javier Pedro Rojas López;1968/7/11;B;689455;3.32
793;6.156.390-9;Isabel Constanza Díaz Rojas;1993/7/11;C;6701419;2.09
794;13.690.347-10;Paula Victoria Rojas González;1970/11/15;D;200666;7.78
795;6.724.507-7;Ramón Vicente Campos Quiroga;1964/12/17;D;7722416;2.77
796;11.955.295-0;Daniela Ignacia Rojas Ruiz;1973/10/5;E;8606203;7.91
797;16.743.295-7;Francisco Andrés Campos Díaz;1972/12/2;E;3359920;2.92
798;9.810.316-8;Paula Cecilia Ruiz Marín;1996/1/29;C;602271;2.34
799;19.675.756-1;Gabriel Gabriel López Campos;1978/8/26;A;9272556;8.83
800;5.600.515-4;Alejandro Alejandro Quiroga González;1966/5/14;B;1577923;9.4
801;21.039.121-8;Blanca Paula Campos Saavedra;1983/7/25;E;3108944;9.19
802;17.257.450-10;Andrés Felipe Muñoz López;1963/4/27;D;4143405;9.1
803;15.931.502-4;Bernardo Bernardo Rodríguez Rojas;1975/6/0;D;8105878;9.99
804;7.836.669-4;Francisco Pedro Vergara Muñoz;1967/1/16;A;4619626;2.96
805;13.749.100-1;Cecilia Isidora Díaz Valenzuela;1971/2/26;A;8712318;4.43
806;7.185.787-1;Andrea Javiera González Muñoz;1989/9/20;B;3849729;1.96
807;10.616.547-6;Javiera Daniela Rodríguez Robles;1982/11/24;E;3500981;1.75
808;10.027.953-9;Paula María Robles López;1965/7/5;A;5729127;5.19
809;10.317.618-1;Paula Javiera Campos Valenzuela;1982/4/26;A;1616546;2.34
810;9.028.482-7;Cecilia Isidora Vergara Ruiz;1968/9/18;D;3495732;6.95
811;9.421.703-2;Blanca Pamela Vergara Vergara;1967/9/17;A;6584882;0.55
812;21.964.062-5;Juan Alejandro Rojas Robles;1976/9/9;C;1120298;7.68
813;15.437.621-3;Alejandro Alejandro López Díaz;1983/6/18;E;5488320;5.9
814;8.539.801-8;Constanza Blanca Marín Rojas;1980/10/4;E;8377996;6.58
815;10.429.397-10;Gabriel Gabriel Rodríguez Rodríguez;1967/8/19;A;8983445;6.41
816;4.981.264-4;Vicente Bernardo Rodríguez Campos;1969/7/28;D;2615737;8.04
817;8.869.248-9;Javier Vicente Díaz Vergara;1972/8/20;E;4687069;4.95
818;21.277.446-9;Daniela Isidora Saavedra Muñoz;1977/8/7;A;8416538;1.73
819;6.058.986-0;María Blanca Muñoz Rodríguez;1965/11/12;D;2714399;5.1
820;16.905.457-6;Rodrigo Vicente Rodríguez Rodríguez;1998/6/6;A;5489818;0.31
821;8.781.910-6;Vicente Alejandro Muñoz López;1976/6/20;D;2745664;2.93
822;19.823.447-8;Javier Ignacio Rodríguez Rojas;1978/11/5;D;8817393;3.41
823;6.03.904-6;Andrés Gabriel Saavedra Muñoz;1974/3/27;E;8639058;5.53
824;16.160.924-5;Juan Javier Rodríguez Campos;1965/10/19;A;8058001;0.22
825;4.09.579-9;Andrea Daniela Marín Ruiz;1966/10/2;B;1500542;4.56
826;18.683.598-5;Paula Daniela Ruiz Rodríguez;1967/2/5;E;5851453;1.03
827;14.815.200-7;Francisco Pablo Rodríguez Marín;1995/5/24;B;7941210;6.18
828;14.859.334-4;María Cecilia Rojas Rojas;1984/12/16;C;4420599;0.35
829;6.522.326-5;Bernardo Rodrigo Quiroga Rodríguez;1961/10/17;C;1124655;7.52
830;21.574.890-6;Blanca Javiera Saavedra Saavedra;1962/6/6;D;136684;3.91
831;10.254.961-5;Ramón Alejandro Marín López;1997/6/1;A;5499090;8.75
832;19.239.180-3;Paula María Castro Castro;1994/1/9;B;9695999;9.74
833;21.169.572-6;Vicente Andrés Vergara Ruiz;1989/5/25;B;2869345;7.52
834;20.648.867-8;Javiera Isabel Rodríguez López;1996/3/26;B;9943026;8.6
835;10.352.901-0;Victoria Pamela López Marín;1960/9/8;C;3424727;9.68
836;19.165.983-0;Cecilia Ignacia Saavedra López;1960/10/28;C;4327785;6.99
837;5.130.641-1;Isabel Cecilia González Campos;1998/2/24;E;2740348;3.94
838;18.136.614-1;Pamela Javiera Rojas Rodríguez;1978/9/17;E;123884;3.77
839;15.128.684-10;Juan Vicente Vergara Rodríguez;1981/4/13;D;3834975;9.03
840;5.196.719-4;Andrés Pablo Campos Rojas;1966/1/9;D;1096778;5.04
841;7.688.186-0;Javier Pablo Rodríguez González;1981/5/11;E;9194025;9.33
842;21.870.311-0;Felipe Pablo López González;1983/4/19;E;9272020;7.16
843;11.761.097-9;Gabriel Vicente Campos Rojas;1999/11/1;D;2768437;0.28
844;10.904.838-6;Andrés Ramón Robles López;1995/3/7;A;690859;7.0
845;5.300.953-7;Rodrigo Andrés Marín Ruiz;2000/9/26;A;1988912;5.36
846;14.284.076-9;Blanca Isabel Valenzuela Castro;1961/11/6;E;6516429;0.11
847;8.448.727-3;Constanza Pamela Quiroga Campos;1994/7/10;B;2586651;6.52
848;4.982.354-2;Valeria Victoria Rojas Rodríguez;1991/10/0;D;7928599;0.49
849;14.444.616-0;Isidora Ignacia Rodríguez Saavedra;1996/9/25;B;1473347;0.54
850;9.302.086-9;Alejandro Ramón Campos Marín;1974/5/22;A;6627880;0.59
851;8.577.620-7;Isidora Pamela González Campos;1967/10/2;C;283313;2.15
852;20.803.070-6;Paula Victoria González Rodríguez;1960/6/27;D;4721910;0.05
853;17.661.143-3;Paula Isabel Castro Robles;1975/1/15;C;6641555;2.48
854;13.486.653-4;Victoria Constanza Rodríguez Valenzuela;1974/3/6;C;3604307;8.49
855;5.183.411-6;Isabel Cecilia Muñoz Vergara;1976/1/6;B;1188096;3.76
856;7.428.331-10;Juan Pedro Marín González;1966/6/7;A;4486425;5.79
857;14.084.357-3;Juan Rodrigo Valenzuela Marín;1965/3/14;C;4845358;3.31
858;6.730.047-9;Pedro Felipe Rodríguez Muñoz;2000/10/29;E;240851;8.04
859;7.121.369-8;Juan Pedro Robles Vergara;1995/11/1;A;5197215;1.45
860;6.437.014-4;Isidora Javiera Marín Castro;1967/1/10;A;8560640;3.09
861;17.182.961-4;Pablo Rodrigo Valenzuela Castro;1974/4/23;D;3426509;5.04
862;21.995.261-2;Rodrigo Pedro Quiroga Díaz;1996/1/30;B;7324532;7.24
863;12.921.628-0;Victoria Pamela Muñoz Robles;1967/4/27;A;8643849;1.09
864;18.943.547-0;Ignacia Victoria Castro González;1983/9/0;B;2848437;9.68
865;15.315.498-0;Pamela Daniela González Rodríguez;1968/2/17;B;7138947;8.6
866;14.228.345-6;Andrés Vicente González Muñoz;1989/7/19;D;3257330;5.15
867;11.825.188-5;Andrés Vicente López Marín;1988/5/16;A;2697137;8.92
868;18.271.988-1;Bernardo Bernardo Rodríguez Castro;1978/3/27;A;6529333;3.23
869;4.290.511-7;Javier Francisco Marín Díaz;1988/10/5;C;2524074;8.35
870;21.909.561-0;Juan Vicente Vergara Valenzuela;1988/6/1;D;1838474;5.86
871;7.049.435-8;Bernardo Rodrigo Muñoz Muñoz;1965/11/22;C;2835536;8.14
872;13.766.798-5;Juan Pedro Vergara Rodríguez;1994/3/18;D;2856810;3.88
873;5.982.758-9;Andrea Paula Rodríguez Marín;1983/11/4;E;8750707;3.38
874;8.050.445-5;Isabel Daniela Rojas Rodríguez;1960/4/29;A;4965135;5.54
875;5.383.076-2;Andrea Paula Marín Rodríguez;1984/9/8;B;5637713;1.99
876;5.871.925-7;Gabriel Javier Muñoz Rojas;1967/1/20;C;9116331;9.57
877;21.796.876-8;Blanca Pamela Quiroga Saavedra;1983/8/30;E;1631710;7.47
878;15.737.530-2;Valeria María Ruiz Rojas;1996/8/26;A;2871051;7.39
879;9.803.630-6;Blanca Constanza Valenzuela Ruiz;1988/6/17;D;7463708;0.65
880;9.964.393-10;Cecilia María Quiroga Ruiz;1972/3/6;D;4026755;2.68
881;17.695.482-3;Juan Bernardo Quiroga Saavedra;1975/9/25;B;147450;7.01
882;19.664.833-4;Victoria Andrea Valenzuela Saavedra;1982/11/2;D;175864;5.36
883;13.911.957-2;Gabriel Ramón Vergara Rodríguez;1995/12/16;D;10553;2.9
884;7.330.240-0;Alejandro Javier Saavedra Rodríguez;1984/8/11;C;9076450;0.35
885;18.048.762-8;Ramón Ignacio Castro Muñoz;1963/4/17;A;7777369;5.61
886;16.950.110-5;Pedro Francisco Campos González;1968/3/23;D;712284;3.16
887;15.919.918-10;Paula Daniela Rojas Saavedra;1995/5/13;E;5329668;2.64
888;19.577.429-6;Valeria Blanca Saavedra Quiroga;1987/8/4;A;8692965;6.98
889;13.832.281-2;Bernardo Alejandro Rodríguez Rojas;1976/7/11;B;3815988;9.78
890;20.635.257-5;Valeria Isidora Campos Rodríguez;1961/1/3;E;1514749;7.24
891;21.352.909-3;Victoria Blanca Robles Robles;1962/11/5;D;5018329;8.42
892;11.087.802-8;Cecilia Cecilia Rojas Robles;1973/6/16;D;7314708;4.57
893;19.409.991-1;Cecilia Paula Rodríguez González;1993/9/20;C;456233;1.38
894;13.960.659-9;Ignacio Bernardo Díaz Saavedra;1963/6/2;C;9406153;0.86
895;14.962.550-9;María Constanza Quiroga López;1969/4/4;C;7843260;4.57
896;21.511.348-0;Pamela Valeria Rodríguez Saavedra;1981/8/14;E;3387605;0.43
897;14.506.666-3;Juan Javier Robles Valenzuela;1994/12/17;E;586424;6.93
898;21.487.240-1;Ignacia Paula López López;1966/2/21;C;7645493;5.44
899;19.138.317-9;Javiera Valeria Quiroga Rodríguez;1960/9/3;C;2470395;5.9
900;9.542.356-10;Victoria Paula Campos Castro;1966/9/20;A;8899013;7.68
901;21.846.124-5;Constanza Blanca Robles Castro;1961/5/15;D;6081723;1.46
902;20.268.746-7;Ignacio Pablo Rodríguez Castro;1977/10/13;E;1466835;3.25
903;20.405.269-10;Valeria Pamela Rojas Castro;1983/12/4;B;948675;8.02
904;7.921.641-0;Vicente Rodrigo Ruiz Rodríguez;1964/7/6;E;169858;3.71
905;13.054.111-10;Ignacio Ramón Rodríguez Valenzuela;1977/4/4;B;4339300;8.28
906;4.601.879-0;Paula Daniela Campos Campos;1965/4/19;D;7796775;6.67
907;12.881.367-5;Andrea Constanza Marín González;1993/9/9;A;8995506;0.24
908;10.384.812-10;Isabel Paula Quiroga Saavedra;1960/2/1;B;2527602;4.86
909;15.037.583-2;Pedro Alejandro Ruiz Muñoz;1971/4/16;C;5222726;2.24
910;13.276.394-8;Pedro Vicente Quiroga Díaz;1967/11/6;C;8127728;1.55
911;18.245.343-9;Rodrigo Andrés Campos Vergara;1971/11/29;A;4500835;1.5
912;18.084.892-3;Juan Javier Díaz Ruiz;1971/3/18;A;1446535;7.83
913;7.113.856-7;Blanca Isabel Vergara Díaz;1982/12/7;A;2045769;3.35
914;14.852.559-9;Felipe Javier López Rojas;1973/8/25;A;5636382;8.06
915;8.069.223-9;Gabriel Ignacio Ruiz Díaz;1992/2/18;E;2511003;7.11
916;9.469.609-4;Bernardo Javier Quiroga Díaz;1973/11/14;E;9896773;3.33
917;10.319.591-1;Constanza Isabel Marín Ruiz;1987/12/1;D;8149530;9.35
918;19.049.445-10;Andrés Javier Campos Robles;1991/6/0;E;2526640;6.08
919;5.593.284-9;Francisco Gabriel Rodríguez Rodríguez;1999/9/28;C;9952707;7.22
920;9.955.194-1;Gabriel Felipe Robles Ruiz;1994/8/18;C;5728917;7.47
921;7.841.993-3;Andrea Valeria González Díaz;1982/12/19;E;3571181;1.82
922;20.777.937-7;Felipe Rodrigo Muñoz Rojas;1976/4/19;A;4738413;8.53
923;18.133.241-4;Ramón Vicente Muñoz Saavedra;1994/11/5;D;1906628;3.8
924;14.212.080-7;Daniela Isidora López Robles;1989/2/13;D;6233798;2.25
925;12.561.708-5;Ignacia Cecilia Rodríguez Saavedra;1986/5/0;A;1262807;4.72
926;5.097.962-8;Pamela Isidora Saavedra Quiroga;1988/3/13;B;2420988;2.26
927;7.291.336-6;Rodrigo Ramón Castro González;2000/11/6;C;6874104;4.44
928;4.04.618-6;Javiera Blanca Quiroga Ruiz;1989/10/11;A;3578985;1.2
929;14.194.825-9;María Isidora Robles López;1984/10/1;D;2379986;7.41
930;15.803.647-10;Andrea Blanca Saavedra Rojas;1960/9/9;A;4257076;0.84
931;11.987.175-4;Paula Constanza Vergara Muñoz;1997/7/20;D;8424770;3.12
932;9.257.620-9;María Isabel Robles Saavedra;1982/7/9;E;4684246;3.44
933;14.362.524-0;Felipe Gabriel Rodríguez Robles;1975/8/27;D;3343936;4.58
934;5.02.233-9;Victoria Victoria Muñoz Rodríguez;1998/3/12;A;694300;5.21
935;7.238.399-5;Isidora Daniela Ruiz Ruiz;1988/9/29;A;2155733;1.15
936;16.570.281-2;Constanza Cecilia Castro Ruiz;1985/1/14;E;920922;3.21
937;18.430.016-8;Valeria Paula Vergara Rodríguez;1963/3/24;D;4954809;5.26
938;12.390.985-8;Valeria Constanza Rodríguez Castro;1988/7/29;A;8884008;4.67
939;16.040.941-6;Isidora María Valenzuela Saavedra;1976/5/30;D;5027567;2.3
940;13.332.077-4;Cecilia Isidora Rodríguez Campos;1996/11/13;C;1941320;7.26
941;19.721.592-4;Cecilia Ignacia Castro López;1998/8/17;A;3495778;3.29
942;7.045.944-1;Juan Javier Ruiz Díaz;1979/10/12;B;6343039;4.74
943;18.826.362-1;Javiera Isidora Valenzuela Valenzuela;1998/3/27;D;5270962;3.39
944;10.031.049-5;Vicente Juan Muñoz González;1985/2/8;E;3142533;3.11
945;21.130.613-5;Cecilia Blanca Valenzuela Castro;1970/7/18;B;7784929;4.57
946;6.667.969-5;Gabriel Alejandro Muñoz Valenzuela;1996/10/26;E;4107098;3.57
947;14.238.633-7;Andrea Isidora Rodríguez Castro;1988/3/26;E;248660;7.46
948;18.373.622-10;Bernardo Pedro Díaz Robles;1981/6/18;C;2946812;7.53
949;15.744.910-4;Felipe Gabriel Muñoz Castro;1967/10/4;A;2705841;3.56
950;17.595.029-7;Juan Juan Saavedra Valenzuela;2000/11/7;C;5635290;9.36
951;14.370.104-2;Constanza Andrea Vergara Saavedra;1968/5/10;A;5348309;3.82
952;9.913.598-7;Vicente Francisco Díaz Vergara;1969/5/9;E;4923466;4.96
953;16.281.843-3;Isidora Victoria Díaz Rojas;1986/12/1;E;7632842;4.82
954;6.183.041-6;Paula Victoria Rodríguez González;1971/1/0;A;6962083;4.24
955;10.901.778-7;Javiera Andrea Muñoz Rodríguez;1999/2/3;B;6912136;1.68
956;14.935.069-3;Vicente Felipe Saavedra Valenzuela;1982/6/17;C;9392965;8.73
957;18.387.802-8;Javiera Valeria Ruiz Quiroga;1993/6/7;E;8057685;2.14
958;8.534.043-0;Javiera Blanca Muñoz Robles;1969/1/20;C;8325371;8.8
959;9.215.138-4;Bernardo Pedro Saavedra Campos;1975/7/6;B;4054383;9.45
960;13.977.930-7;Rodrigo Felipe González Rojas;1961/6/3;B;4982185;9.67
961;6.065.205-10;Felipe Bernardo González Rodríguez;1978/2/18;C;8728669;9.96
962;16.017.134-10;Juan Rodrigo Marín Rojas;1995/8/1;B;3619805;3.53
963;13.647.113-4;Constanza Andrea Vergara Quiroga;1966/12/6;A;6426936;2.4
964;14.842.912-8;Gabriel Felipe Valenzuela Rodríguez;1987/12/24;C;847947;9.49
965;14.060.894-9;Ramón Andrés Saavedra Rojas;1996/10/29;A;2741147;7.84
966;4.636.775-0;Paula Isidora Muñoz Quiroga;1974/11/21;A;3475711;5.83
967;19.377.209-1;Ignacio Felipe Vergara Rodríguez;1973/6/14;E;2837129;1.94
968;11.528.775-7;Ignacia Ignacia Vergara Robles;1963/5/1;C;2926326;5.66
969;12.054.184-8;Juan Pablo Robles Quiroga;1982/9/26;A;1595456;7.57
970;11.648.598-5;Constanza Victoria Rodríguez Rodríguez;1995/7/7;A;5470585;7.79
971;18.890.800-9;Blanca Isidora Marín Robles;1979/10/14;B;4947191;0.63
972;13.987.304-6;Juan Bernardo Vergara Muñoz;1963/1/24;B;9301008;8.18
973;6.158.780-2;Vicente Andrés Vergara Muñoz;1991/1/27;A;3567812;1.44
974;10.600.077-10;Isabel Pamela Saavedra Valenzuela;1970/3/15;A;8654150;6.33
975;15.201.08-2;Blanca Paula Rojas López;1996/7/25;B;5226378;3.82
976;13.978.953-1;Juan Bernardo Rojas Rojas;1997/7/8;D;1184224;1.89
977;5.629.577-10;Isidora Constanza Robles Marín;1970/2/0;D;7379694;3.81
978;13.774.393-7;Pablo Juan Quiroga Rojas;1983/7/23;D;8115626;3.87
979;20.453.595-9;María Ignacia Rojas Rodríguez;1970/10/8;C;3440575;9.35
980;7.422.483-3;Isabel Daniela Vergara Vergara;1976/5/6;D;3904023;5.88
981;20.438.064-3;Victoria Javiera Díaz López;1964/2/7;E;2146052;9.2
982;10.892.212-9;Isidora Valeria González Rodríguez;1996/7/13;C;675982;9.93
983;10.667.321-1;Pedro Ramón Valenzuela Rodríguez;1966/2/11;C;3912129;2.53
984;12.395.690-6;María Isidora Robles Rodríguez;1988/3/1;B;3672301;7.71
985;13.478.062-6;María Valeria González Campos;1965/10/20;D;1498431;6.84
986;13.073.200-2;Felipe Javier Rodríguez Rojas;1961/5/22;D;6366020;3.24
987;14.129.210-7;Vicente Juan Castro Castro;1972/10/10;D;7110127;5.85
988;16.986.836-10;Javiera María Vergara Valenzuela;1986/1/12;A;3352147;8.92
989;15.116.681-1;Vicente Pedro Rodríguez Campos;1966/4/17;E;1472637;1.39
990;15.269.626-4;Paula Valeria Ruiz Marín;1999/4/8;D;4423588;8.33
991;16.148.625-10;Blanca Isabel Vergara González;1973/7/20;A;389740;9.98
992;7.184.479-2;Isidora Paula Vergara Robles;1984/10/8;E;3174100;1.92
993;10.302.602-4;Javiera Cecilia Saavedra Valenzuela;1973/6/7;E;2068637;6.3
994;21.307.599-10;Andrea Constanza Castro Robles;1992/7/10;D;9277469;2.31
995;11.942.539-4;Isidora Javiera López Rodríguez;1977/1/5;E;2949763;1.17
996;12.568.934-5;Paula Daniela Muñoz Quiroga;1978/9/6;B;5052388;6.01
997;14.407.999-3;María Valeria Marín Robles;1995/12/0;B;765834;8.69
998;20.166.403-3;Ignacio Bernardo López Valenzuela;1962/1/0;E;7822257;7.32
999;10.715.550-9;Bernardo Pablo Saavedra Castro;1998/11/10;D;8506664;9.92
1000;16.396.396-6;Javiera Ignacia Rojas Quiroga;1980/4/11;C;7853434;0.1